decile,customers,mean_predicted_probability,observed_churn_rate
0,418,0.08120323776414717,0.09808612440191387
1,417,0.1467423626612818,0.20863309352517986
2,417,0.21337008860488846,0.3333333333333333
3,417,0.2677932900671817,0.354916067146283
4,418,0.3236651032429043,0.430622009569378
5,417,0.4301934108331848,0.4676258992805755
6,417,0.7409826342718246,0.7410071942446043
7,417,0.9450883769813526,0.9688249400479616
8,417,0.9601329117919983,0.9904076738609112
9,418,0.9641587976592756,0.9904306220095693
