cohort_month,M0,M1,M2,M3,M4,M5,M6,M7,M8,M9,M10,M11,M12,M13,M14,M15,M16,M17,M18,M19,M20,M21,M22,M23,M24,M25,M26,M27,M28,M29,M30,M31,M32,M33,M34,M35,M36,M37,M38,M39,M40,M41,M42,M43,M44,M45,M46,M47
2022-01,1.0,0.42105263157894735,0.21052631578947367,0.3157894736842105,0.3157894736842105,0.42105263157894735,0.42105263157894735,0.5263157894736842,0.21052631578947367,0.42105263157894735,0.5789473684210527,0.3684210526315789,0.15789473684210525,0.3684210526315789,0.42105263157894735,0.47368421052631576,0.47368421052631576,0.2631578947368421,0.21052631578947367,0.21052631578947367,0.3157894736842105,0.3157894736842105,0.3684210526315789,0.2631578947368421,0.2631578947368421,0.2631578947368421,0.2631578947368421,0.42105263157894735,0.21052631578947367,0.2631578947368421,0.21052631578947367,0.2631578947368421,0.15789473684210525,0.3157894736842105,0.3684210526315789,0.21052631578947367,0.2631578947368421,0.2631578947368421,0.10526315789473684,0.15789473684210525,0.15789473684210525,0.15789473684210525,0.05263157894736842,0.15789473684210525,0.21052631578947367,0.15789473684210525,0.21052631578947367,0.10526315789473684
2022-02,1.0,0.2857142857142857,0.2857142857142857,0.35714285714285715,0.3333333333333333,0.30952380952380953,0.30952380952380953,0.40476190476190477,0.2857142857142857,0.42857142857142855,0.35714285714285715,0.19047619047619047,0.3333333333333333,0.30952380952380953,0.30952380952380953,0.23809523809523808,0.23809523809523808,0.3333333333333333,0.30952380952380953,0.19047619047619047,0.30952380952380953,0.40476190476190477,0.30952380952380953,0.23809523809523808,0.23809523809523808,0.3333333333333333,0.2857142857142857,0.2619047619047619,0.19047619047619047,0.2619047619047619,0.2857142857142857,0.2857142857142857,0.16666666666666666,0.30952380952380953,0.23809523809523808,0.23809523809523808,0.19047619047619047,0.2619047619047619,0.2857142857142857,0.19047619047619047,0.19047619047619047,0.09523809523809523,0.14285714285714285,0.21428571428571427,0.21428571428571427,0.3333333333333333,0.2857142857142857,
2022-03,1.0,0.32608695652173914,0.30434782608695654,0.34782608695652173,0.15217391304347827,0.32608695652173914,0.391304347826087,0.34782608695652173,0.41304347826086957,0.3695652173913043,0.2608695652173913,0.2826086956521739,0.34782608695652173,0.21739130434782608,0.21739130434782608,0.1956521739130435,0.21739130434782608,0.2608695652173913,0.2826086956521739,0.1956521739130435,0.2608695652173913,0.2608695652173913,0.21739130434782608,0.2608695652173913,0.1956521739130435,0.2391304347826087,0.21739130434782608,0.13043478260869565,0.15217391304347827,0.21739130434782608,0.17391304347826086,0.13043478260869565,0.17391304347826086,0.17391304347826086,0.15217391304347827,0.08695652173913043,0.15217391304347827,0.10869565217391304,0.1956521739130435,0.17391304347826086,0.08695652173913043,0.1956521739130435,0.17391304347826086,0.15217391304347827,0.1956521739130435,0.2826086956521739,,
2022-04,1.0,0.3877551020408163,0.3877551020408163,0.32653061224489793,0.3469387755102041,0.2653061224489796,0.3877551020408163,0.5306122448979592,0.4897959183673469,0.24489795918367346,0.2857142857142857,0.3469387755102041,0.24489795918367346,0.2653061224489796,0.2653061224489796,0.2857142857142857,0.2857142857142857,0.24489795918367346,0.30612244897959184,0.3673469387755102,0.3673469387755102,0.2653061224489796,0.22448979591836735,0.22448979591836735,0.2653061224489796,0.2653061224489796,0.22448979591836735,0.20408163265306123,0.20408163265306123,0.12244897959183673,0.30612244897959184,0.30612244897959184,0.22448979591836735,0.1836734693877551,0.1836734693877551,0.22448979591836735,0.20408163265306123,0.22448979591836735,0.16326530612244897,0.20408163265306123,0.1836734693877551,0.2653061224489796,0.2653061224489796,0.24489795918367346,0.2857142857142857,,,
2022-05,1.0,0.3561643835616438,0.3013698630136986,0.3287671232876712,0.3561643835616438,0.3424657534246575,0.4520547945205479,0.4383561643835616,0.2876712328767123,0.2876712328767123,0.3424657534246575,0.3287671232876712,0.3013698630136986,0.3150684931506849,0.2602739726027397,0.2328767123287671,0.2465753424657534,0.3013698630136986,0.3287671232876712,0.2191780821917808,0.1506849315068493,0.2876712328767123,0.2328767123287671,0.2191780821917808,0.1917808219178082,0.1506849315068493,0.1643835616438356,0.2328767123287671,0.1643835616438356,0.2054794520547945,0.273972602739726,0.1917808219178082,0.0821917808219178,0.136986301369863,0.1643835616438356,0.2054794520547945,0.1643835616438356,0.136986301369863,0.1506849315068493,0.1506849315068493,0.2054794520547945,0.2054794520547945,0.2191780821917808,0.2465753424657534,,,,
2022-06,1.0,0.36666666666666664,0.3333333333333333,0.4666666666666667,0.3,0.4666666666666667,0.48333333333333334,0.23333333333333334,0.25,0.31666666666666665,0.43333333333333335,0.2833333333333333,0.2833333333333333,0.23333333333333334,0.2833333333333333,0.3,0.36666666666666664,0.35,0.36666666666666664,0.21666666666666667,0.21666666666666667,0.2,0.18333333333333332,0.23333333333333334,0.16666666666666666,0.15,0.16666666666666666,0.08333333333333333,0.23333333333333334,0.2,0.26666666666666666,0.08333333333333333,0.23333333333333334,0.11666666666666667,0.15,0.16666666666666666,0.23333333333333334,0.08333333333333333,0.2,0.2,0.25,0.23333333333333334,0.2,,,,,
2022-07,1.0,0.2631578947368421,0.2807017543859649,0.47368421052631576,0.45614035087719296,0.47368421052631576,0.3157894736842105,0.2807017543859649,0.2982456140350877,0.3333333333333333,0.2631578947368421,0.3508771929824561,0.17543859649122806,0.42105263157894735,0.3684210526315789,0.2982456140350877,0.38596491228070173,0.3684210526315789,0.2631578947368421,0.17543859649122806,0.3157894736842105,0.2807017543859649,0.2807017543859649,0.14035087719298245,0.21052631578947367,0.17543859649122806,0.3508771929824561,0.19298245614035087,0.24561403508771928,0.3157894736842105,0.24561403508771928,0.15789473684210525,0.17543859649122806,0.15789473684210525,0.22807017543859648,0.15789473684210525,0.21052631578947367,0.22807017543859648,0.14035087719298245,0.17543859649122806,0.24561403508771928,0.2982456140350877,,,,,,
2022-08,1.0,0.3472222222222222,0.3055555555555556,0.5,0.5,0.2361111111111111,0.3888888888888889,0.3055555555555556,0.25,0.3333333333333333,0.2916666666666667,0.4027777777777778,0.2777777777777778,0.3055555555555556,0.2222222222222222,0.3472222222222222,0.4166666666666667,0.2361111111111111,0.2777777777777778,0.2916666666666667,0.20833333333333334,0.25,0.20833333333333334,0.19444444444444445,0.1527777777777778,0.2916666666666667,0.2638888888888889,0.2916666666666667,0.3472222222222222,0.18055555555555555,0.25,0.2222222222222222,0.18055555555555555,0.1527777777777778,0.2222222222222222,0.25,0.19444444444444445,0.20833333333333334,0.2777777777777778,0.3194444444444444,0.2361111111111111,,,,,,,
2022-09,1.0,0.375,0.5208333333333334,0.5,0.25,0.3229166666666667,0.25,0.21875,0.3541666666666667,0.3958333333333333,0.19791666666666666,0.3020833333333333,0.2708333333333333,0.3125,0.40625,0.3645833333333333,0.3541666666666667,0.21875,0.2708333333333333,0.28125,0.2604166666666667,0.2604166666666667,0.19791666666666666,0.22916666666666666,0.23958333333333334,0.17708333333333334,0.25,0.28125,0.14583333333333334,0.14583333333333334,0.19791666666666666,0.125,0.21875,0.125,0.23958333333333334,0.16666666666666666,0.19791666666666666,0.15625,0.20833333333333334,0.28125,,,,,,,,
2022-10,1.0,0.46153846153846156,0.46153846153846156,0.28846153846153844,0.2692307692307692,0.2692307692307692,0.34615384615384615,0.3269230769230769,0.3173076923076923,0.2692307692307692,0.25961538461538464,0.375,0.25,0.3942307692307692,0.3942307692307692,0.21153846153846154,0.2980769230769231,0.22115384615384615,0.27884615384615385,0.20192307692307693,0.21153846153846154,0.25,0.19230769230769232,0.27884615384615385,0.27884615384615385,0.25961538461538464,0.3557692307692308,0.21153846153846154,0.11538461538461539,0.19230769230769232,0.27884615384615385,0.19230769230769232,0.2692307692307692,0.15384615384615385,0.22115384615384615,0.25,0.25,0.22115384615384615,0.2403846153846154,,,,,,,,,
2022-11,1.0,0.5753424657534246,0.3219178082191781,0.273972602739726,0.3767123287671233,0.3013698630136986,0.3493150684931507,0.3082191780821918,0.2191780821917808,0.3150684931506849,0.3082191780821918,0.3767123287671233,0.4383561643835616,0.4589041095890411,0.2602739726027397,0.2602739726027397,0.2808219178082192,0.3082191780821918,0.2602739726027397,0.23972602739726026,0.23972602739726026,0.2602739726027397,0.2671232876712329,0.2602739726027397,0.2876712328767123,0.3972602739726027,0.17123287671232876,0.17123287671232876,0.21232876712328766,0.2876712328767123,0.2534246575342466,0.21232876712328766,0.2054794520547945,0.21232876712328766,0.2328767123287671,0.2534246575342466,0.2671232876712329,0.21232876712328766,,,,,,,,,,
2022-12,1.0,0.3032258064516129,0.23225806451612904,0.24516129032258063,0.33548387096774196,0.2838709677419355,0.22580645161290322,0.2709677419354839,0.2645161290322581,0.3161290322580645,0.3032258064516129,0.32903225806451614,0.3225806451612903,0.24516129032258063,0.16774193548387098,0.25806451612903225,0.22580645161290322,0.2838709677419355,0.2645161290322581,0.2064516129032258,0.14838709677419354,0.23870967741935484,0.23870967741935484,0.3419354838709677,0.3096774193548387,0.2064516129032258,0.1870967741935484,0.22580645161290322,0.23225806451612904,0.16129032258064516,0.16774193548387098,0.17419354838709677,0.23225806451612904,0.22580645161290322,0.14193548387096774,0.2903225806451613,0.2709677419354839,,,,,,,,,,,
2023-01,1.0,0.352112676056338,0.39436619718309857,0.30985915492957744,0.4225352112676056,0.28169014084507044,0.36619718309859156,0.4225352112676056,0.4507042253521127,0.43661971830985913,0.3380281690140845,0.5211267605633803,0.323943661971831,0.22535211267605634,0.2535211267605634,0.28169014084507044,0.2535211267605634,0.28169014084507044,0.30985915492957744,0.2676056338028169,0.30985915492957744,0.28169014084507044,0.2676056338028169,0.36619718309859156,0.2676056338028169,0.2112676056338028,0.2112676056338028,0.18309859154929578,0.2535211267605634,0.22535211267605634,0.16901408450704225,0.18309859154929578,0.18309859154929578,0.22535211267605634,0.30985915492957744,0.2112676056338028,,,,,,,,,,,,
2023-02,1.0,0.3,0.2714285714285714,0.32857142857142857,0.32857142857142857,0.3142857142857143,0.2857142857142857,0.3,0.38571428571428573,0.37142857142857144,0.4142857142857143,0.24285714285714285,0.21428571428571427,0.24285714285714285,0.2714285714285714,0.3,0.17142857142857143,0.21428571428571427,0.2,0.18571428571428572,0.22857142857142856,0.3,0.24285714285714285,0.2,0.21428571428571427,0.12857142857142856,0.18571428571428572,0.11428571428571428,0.18571428571428572,0.21428571428571427,0.17142857142857143,0.18571428571428572,0.14285714285714285,0.2,0.2571428571428571,,,,,,,,,,,,,
2023-03,1.0,0.25301204819277107,0.30120481927710846,0.2891566265060241,0.2891566265060241,0.25301204819277107,0.27710843373493976,0.3253012048192771,0.37349397590361444,0.3855421686746988,0.24096385542168675,0.1566265060240964,0.27710843373493976,0.2289156626506024,0.27710843373493976,0.2289156626506024,0.1566265060240964,0.1566265060240964,0.26506024096385544,0.26506024096385544,0.3132530120481928,0.3493975903614458,0.13253012048192772,0.18072289156626506,0.2289156626506024,0.2289156626506024,0.18072289156626506,0.12048192771084337,0.14457831325301204,0.13253012048192772,0.14457831325301204,0.20481927710843373,0.25301204819277107,0.2891566265060241,,,,,,,,,,,,,,
2023-04,1.0,0.4883720930232558,0.4186046511627907,0.22093023255813954,0.29069767441860467,0.3488372093023256,0.36046511627906974,0.45348837209302323,0.46511627906976744,0.313953488372093,0.32558139534883723,0.36046511627906974,0.2558139534883721,0.27906976744186046,0.2441860465116279,0.18604651162790697,0.2558139534883721,0.22093023255813954,0.3023255813953488,0.3372093023255814,0.3372093023255814,0.22093023255813954,0.2558139534883721,0.18604651162790697,0.19767441860465115,0.27906976744186046,0.27906976744186046,0.16279069767441862,0.23255813953488372,0.1511627906976744,0.1744186046511628,0.19767441860465115,0.3372093023255814,,,,,,,,,,,,,,,
2023-05,1.0,0.41904761904761906,0.2761904761904762,0.2857142857142857,0.37142857142857144,0.3238095238095238,0.42857142857142855,0.4380952380952381,0.3619047619047619,0.22857142857142856,0.2761904761904762,0.3142857142857143,0.3047619047619048,0.26666666666666666,0.20952380952380953,0.2857142857142857,0.3047619047619048,0.2571428571428571,0.3238095238095238,0.3904761904761905,0.2571428571428571,0.2,0.2761904761904762,0.23809523809523808,0.18095238095238095,0.20952380952380953,0.22857142857142856,0.2571428571428571,0.21904761904761905,0.29523809523809524,0.37142857142857144,0.37142857142857144,,,,,,,,,,,,,,,,
2023-06,1.0,0.3411764705882353,0.3176470588235294,0.3058823529411765,0.3411764705882353,0.43529411764705883,0.4235294117647059,0.27058823529411763,0.21176470588235294,0.3176470588235294,0.18823529411764706,0.25882352941176473,0.2235294117647059,0.21176470588235294,0.24705882352941178,0.25882352941176473,0.27058823529411763,0.36470588235294116,0.3411764705882353,0.16470588235294117,0.21176470588235294,0.2235294117647059,0.27058823529411763,0.2235294117647059,0.2823529411764706,0.2,0.21176470588235294,0.2,0.18823529411764706,0.2823529411764706,0.24705882352941178,,,,,,,,,,,,,,,,,
2023-07,1.0,0.2857142857142857,0.38961038961038963,0.4025974025974026,0.44155844155844154,0.42857142857142855,0.3246753246753247,0.2077922077922078,0.33766233766233766,0.36363636363636365,0.3116883116883117,0.2077922077922078,0.19480519480519481,0.2727272727272727,0.23376623376623376,0.2987012987012987,0.38961038961038963,0.3246753246753247,0.23376623376623376,0.23376623376623376,0.2857142857142857,0.22077922077922077,0.23376623376623376,0.23376623376623376,0.18181818181818182,0.2597402597402597,0.2077922077922078,0.24675324675324675,0.2987012987012987,0.2857142857142857,,,,,,,,,,,,,,,,,,
2023-08,1.0,0.3142857142857143,0.3142857142857143,0.45714285714285713,0.42857142857142855,0.2857142857142857,0.2761904761904762,0.3619047619047619,0.3142857142857143,0.3142857142857143,0.3523809523809524,0.2571428571428571,0.2857142857142857,0.23809523809523808,0.3238095238095238,0.41904761904761906,0.37142857142857144,0.22857142857142856,0.22857142857142856,0.21904761904761905,0.2857142857142857,0.2761904761904762,0.21904761904761905,0.22857142857142856,0.24761904761904763,0.2857142857142857,0.2761904761904762,0.29523809523809524,0.3333333333333333,,,,,,,,,,,,,,,,,,,
2023-09,1.0,0.3904761904761905,0.4666666666666667,0.4380952380952381,0.21904761904761905,0.2761904761904762,0.26666666666666666,0.3142857142857143,0.3333333333333333,0.2857142857142857,0.3047619047619048,0.23809523809523808,0.2761904761904762,0.3238095238095238,0.4095238095238095,0.3619047619047619,0.2571428571428571,0.22857142857142856,0.22857142857142856,0.17142857142857143,0.1619047619047619,0.1619047619047619,0.14285714285714285,0.1523809523809524,0.1619047619047619,0.20952380952380953,0.2761904761904762,0.2857142857142857,,,,,,,,,,,,,,,,,,,,
2023-10,1.0,0.4351145038167939,0.549618320610687,0.26717557251908397,0.2748091603053435,0.37404580152671757,0.32061068702290074,0.2824427480916031,0.3282442748091603,0.2900763358778626,0.21374045801526717,0.26717557251908397,0.2595419847328244,0.37404580152671757,0.3282442748091603,0.25190839694656486,0.20610687022900764,0.2366412213740458,0.2366412213740458,0.26717557251908397,0.20610687022900764,0.1450381679389313,0.2366412213740458,0.22137404580152673,0.22900763358778625,0.2824427480916031,0.3282442748091603,,,,,,,,,,,,,,,,,,,,,
2023-11,1.0,0.5519125683060109,0.3114754098360656,0.3442622950819672,0.3224043715846995,0.3551912568306011,0.39344262295081966,0.3005464480874317,0.30601092896174864,0.3114754098360656,0.3224043715846995,0.3442622950819672,0.32786885245901637,0.4098360655737705,0.2896174863387978,0.2677595628415301,0.2568306010928962,0.2896174863387978,0.25136612021857924,0.20218579234972678,0.19672131147540983,0.22404371584699453,0.26229508196721313,0.25136612021857924,0.3333333333333333,0.30601092896174864,,,,,,,,,,,,,,,,,,,,,,
2023-12,1.0,0.35602094240837695,0.32460732984293195,0.3036649214659686,0.3089005235602094,0.3036649214659686,0.31413612565445026,0.23036649214659685,0.3193717277486911,0.36649214659685864,0.3036649214659686,0.42408376963350786,0.4083769633507853,0.24083769633507854,0.2356020942408377,0.24607329842931938,0.23036649214659685,0.3036649214659686,0.2356020942408377,0.2198952879581152,0.20418848167539266,0.19895287958115182,0.2513089005235602,0.33507853403141363,0.2879581151832461,,,,,,,,,,,,,,,,,,,,,,,
2024-01,1.0,0.25842696629213485,0.38202247191011235,0.39325842696629215,0.39325842696629215,0.3707865168539326,0.3146067415730337,0.30337078651685395,0.30337078651685395,0.38202247191011235,0.4943820224719101,0.34831460674157305,0.23595505617977527,0.2808988764044944,0.30337078651685395,0.21348314606741572,0.25842696629213485,0.2808988764044944,0.15730337078651685,0.25842696629213485,0.2696629213483146,0.2808988764044944,0.3595505617977528,0.3595505617977528,,,,,,,,,,,,,,,,,,,,,,,,
2024-02,1.0,0.37362637362637363,0.3516483516483517,0.3516483516483517,0.3516483516483517,0.31868131868131866,0.31868131868131866,0.37362637362637363,0.2967032967032967,0.3956043956043956,0.46153846153846156,0.24175824175824176,0.23076923076923078,0.26373626373626374,0.2857142857142857,0.32967032967032966,0.2967032967032967,0.17582417582417584,0.26373626373626374,0.26373626373626374,0.31868131868131866,0.26373626373626374,0.45054945054945056,,,,,,,,,,,,,,,,,,,,,,,,,
2024-03,1.0,0.336734693877551,0.40816326530612246,0.25510204081632654,0.23469387755102042,0.29591836734693877,0.336734693877551,0.22448979591836735,0.37755102040816324,0.35714285714285715,0.2653061224489796,0.22448979591836735,0.20408163265306123,0.29591836734693877,0.25510204081632654,0.2755102040816326,0.2755102040816326,0.24489795918367346,0.22448979591836735,0.25510204081632654,0.32653061224489793,0.3673469387755102,,,,,,,,,,,,,,,,,,,,,,,,,,
2024-04,1.0,0.3235294117647059,0.27450980392156865,0.2549019607843137,0.23529411764705882,0.43137254901960786,0.3627450980392157,0.4117647058823529,0.3431372549019608,0.23529411764705882,0.21568627450980393,0.24509803921568626,0.22549019607843138,0.22549019607843138,0.20588235294117646,0.22549019607843138,0.27450980392156865,0.20588235294117646,0.24509803921568626,0.3333333333333333,0.35294117647058826,,,,,,,,,,,,,,,,,,,,,,,,,,,
2024-05,1.0,0.3776223776223776,0.34265734265734266,0.3146853146853147,0.3776223776223776,0.35664335664335667,0.4825174825174825,0.5174825174825175,0.2517482517482518,0.2727272727272727,0.24475524475524477,0.27972027972027974,0.25874125874125875,0.1958041958041958,0.23776223776223776,0.20279720279720279,0.20279720279720279,0.24475524475524477,0.34965034965034963,0.3006993006993007,,,,,,,,,,,,,,,,,,,,,,,,,,,,
2024-06,1.0,0.3103448275862069,0.3448275862068966,0.3448275862068966,0.3879310344827586,0.5,0.4482758620689655,0.33620689655172414,0.33620689655172414,0.27586206896551724,0.3017241379310345,0.3620689655172414,0.25,0.3017241379310345,0.25,0.25862068965517243,0.23275862068965517,0.2672413793103448,0.3879310344827586,,,,,,,,,,,,,,,,,,,,,,,,,,,,,
2024-07,1.0,0.19230769230769232,0.4230769230769231,0.3974358974358974,0.5897435897435898,0.46153846153846156,0.3076923076923077,0.3076923076923077,0.3333333333333333,0.2564102564102564,0.2564102564102564,0.34615384615384615,0.2948717948717949,0.32051282051282054,0.3974358974358974,0.3333333333333333,0.4358974358974359,0.34615384615384615,,,,,,,,,,,,,,,,,,,,,,,,,,,,,,
2024-08,1.0,0.49504950495049505,0.3465346534653465,0.42574257425742573,0.504950495049505,0.31683168316831684,0.32673267326732675,0.297029702970297,0.43564356435643564,0.27722772277227725,0.3465346534653465,0.25742574257425743,0.2376237623762376,0.22772277227722773,0.2871287128712871,0.38613861386138615,0.40594059405940597,,,,,,,,,,,,,,,,,,,,,,,,,,,,,,,
2024-09,1.0,0.36923076923076925,0.5153846153846153,0.5230769230769231,0.27692307692307694,0.2846153846153846,0.3076923076923077,0.23846153846153847,0.3076923076923077,0.2692307692307692,0.26153846153846155,0.2923076923076923,0.2692307692307692,0.27692307692307694,0.3076923076923077,0.34615384615384615,,,,,,,,,,,,,,,,,,,,,,,,,,,,,,,,
2024-10,1.0,0.5,0.4594594594594595,0.3310810810810811,0.22972972972972974,0.25,0.32432432432432434,0.31756756756756754,0.22972972972972974,0.25,0.2702702702702703,0.28378378378378377,0.31756756756756754,0.3310810810810811,0.3310810810810811,,,,,,,,,,,,,,,,,,,,,,,,,,,,,,,,,
2024-11,1.0,0.4731182795698925,0.3333333333333333,0.3118279569892473,0.3602150537634409,0.3817204301075269,0.41397849462365593,0.3387096774193548,0.3064516129032258,0.2903225806451613,0.3548387096774194,0.3924731182795699,0.41935483870967744,0.3978494623655914,,,,,,,,,,,,,,,,,,,,,,,,,,,,,,,,,,
2024-12,1.0,0.366120218579235,0.273224043715847,0.33879781420765026,0.36065573770491804,0.3442622950819672,0.273224043715847,0.28415300546448086,0.29508196721311475,0.29508196721311475,0.3114754098360656,0.3825136612021858,0.4262295081967213,,,,,,,,,,,,,,,,,,,,,,,,,,,,,,,,,,,
2025-01,1.0,0.37037037037037035,0.2962962962962963,0.2716049382716049,0.30864197530864196,0.32098765432098764,0.2839506172839506,0.25925925925925924,0.30864197530864196,0.30864197530864196,0.35802469135802467,0.3950617283950617,,,,,,,,,,,,,,,,,,,,,,,,,,,,,,,,,,,,
2025-02,1.0,0.42168674698795183,0.39759036144578314,0.3855421686746988,0.3855421686746988,0.3855421686746988,0.37349397590361444,0.43373493975903615,0.3373493975903614,0.43373493975903615,0.42168674698795183,,,,,,,,,,,,,,,,,,,,,,,,,,,,,,,,,,,,,
2025-03,1.0,0.4537037037037037,0.3148148148148148,0.26851851851851855,0.26851851851851855,0.3611111111111111,0.26851851851851855,0.3611111111111111,0.39814814814814814,0.48148148148148145,,,,,,,,,,,,,,,,,,,,,,,,,,,,,,,,,,,,,,
2025-04,1.0,0.36619718309859156,0.2676056338028169,0.3028169014084507,0.36619718309859156,0.3732394366197183,0.31690140845070425,0.4295774647887324,0.39436619718309857,,,,,,,,,,,,,,,,,,,,,,,,,,,,,,,,,,,,,,,
2025-05,1.0,0.3629032258064516,0.3790322580645161,0.27419354838709675,0.3870967741935484,0.3951612903225806,0.43548387096774194,0.4596774193548387,,,,,,,,,,,,,,,,,,,,,,,,,,,,,,,,,,,,,,,,
2025-06,1.0,0.25862068965517243,0.29310344827586204,0.3275862068965517,0.3706896551724138,0.46551724137931033,0.46551724137931033,,,,,,,,,,,,,,,,,,,,,,,,,,,,,,,,,,,,,,,,,
2025-07,1.0,0.37254901960784315,0.3627450980392157,0.3137254901960784,0.4215686274509804,0.4803921568627451,,,,,,,,,,,,,,,,,,,,,,,,,,,,,,,,,,,,,,,,,,
2025-08,1.0,0.42028985507246375,0.39855072463768115,0.4855072463768116,0.5,,,,,,,,,,,,,,,,,,,,,,,,,,,,,,,,,,,,,,,,,,,
2025-09,1.0,0.3680555555555556,0.4236111111111111,0.4930555555555556,,,,,,,,,,,,,,,,,,,,,,,,,,,,,,,,,,,,,,,,,,,,
2025-10,1.0,0.5149700598802395,0.5029940119760479,,,,,,,,,,,,,,,,,,,,,,,,,,,,,,,,,,,,,,,,,,,,,
2025-11,1.0,0.5429864253393665,,,,,,,,,,,,,,,,,,,,,,,,,,,,,,,,,,,,,,,,,,,,,,
2025-12,1.0,,,,,,,,,,,,,,,,,,,,,,,,,,,,,,,,,,,,,,,,,,,,,,,
