cohort_month,cohort_index,active_customers,cohort_size,retention_rate
2022-01,0,19,19,1.0
2022-01,1,8,19,0.42105263157894735
2022-01,2,4,19,0.21052631578947367
2022-01,3,6,19,0.3157894736842105
2022-01,4,6,19,0.3157894736842105
2022-01,5,8,19,0.42105263157894735
2022-01,6,8,19,0.42105263157894735
2022-01,7,10,19,0.5263157894736842
2022-01,8,4,19,0.21052631578947367
2022-01,9,8,19,0.42105263157894735
2022-01,10,11,19,0.5789473684210527
2022-01,11,7,19,0.3684210526315789
2022-01,12,3,19,0.15789473684210525
2022-01,13,7,19,0.3684210526315789
2022-01,14,8,19,0.42105263157894735
2022-01,15,9,19,0.47368421052631576
2022-01,16,9,19,0.47368421052631576
2022-01,17,5,19,0.2631578947368421
2022-01,18,4,19,0.21052631578947367
2022-01,19,4,19,0.21052631578947367
2022-01,20,6,19,0.3157894736842105
2022-01,21,6,19,0.3157894736842105
2022-01,22,7,19,0.3684210526315789
2022-01,23,5,19,0.2631578947368421
2022-01,24,5,19,0.2631578947368421
2022-01,25,5,19,0.2631578947368421
2022-01,26,5,19,0.2631578947368421
2022-01,27,8,19,0.42105263157894735
2022-01,28,4,19,0.21052631578947367
2022-01,29,5,19,0.2631578947368421
2022-01,30,4,19,0.21052631578947367
2022-01,31,5,19,0.2631578947368421
2022-01,32,3,19,0.15789473684210525
2022-01,33,6,19,0.3157894736842105
2022-01,34,7,19,0.3684210526315789
2022-01,35,4,19,0.21052631578947367
2022-01,36,5,19,0.2631578947368421
2022-01,37,5,19,0.2631578947368421
2022-01,38,2,19,0.10526315789473684
2022-01,39,3,19,0.15789473684210525
2022-01,40,3,19,0.15789473684210525
2022-01,41,3,19,0.15789473684210525
2022-01,42,1,19,0.05263157894736842
2022-01,43,3,19,0.15789473684210525
2022-01,44,4,19,0.21052631578947367
2022-01,45,3,19,0.15789473684210525
2022-01,46,4,19,0.21052631578947367
2022-01,47,2,19,0.10526315789473684
2022-02,0,42,42,1.0
2022-02,1,12,42,0.2857142857142857
2022-02,2,12,42,0.2857142857142857
2022-02,3,15,42,0.35714285714285715
2022-02,4,14,42,0.3333333333333333
2022-02,5,13,42,0.30952380952380953
2022-02,6,13,42,0.30952380952380953
2022-02,7,17,42,0.40476190476190477
2022-02,8,12,42,0.2857142857142857
2022-02,9,18,42,0.42857142857142855
2022-02,10,15,42,0.35714285714285715
2022-02,11,8,42,0.19047619047619047
2022-02,12,14,42,0.3333333333333333
2022-02,13,13,42,0.30952380952380953
2022-02,14,13,42,0.30952380952380953
2022-02,15,10,42,0.23809523809523808
2022-02,16,10,42,0.23809523809523808
2022-02,17,14,42,0.3333333333333333
2022-02,18,13,42,0.30952380952380953
2022-02,19,8,42,0.19047619047619047
2022-02,20,13,42,0.30952380952380953
2022-02,21,17,42,0.40476190476190477
2022-02,22,13,42,0.30952380952380953
2022-02,23,10,42,0.23809523809523808
2022-02,24,10,42,0.23809523809523808
2022-02,25,14,42,0.3333333333333333
2022-02,26,12,42,0.2857142857142857
2022-02,27,11,42,0.2619047619047619
2022-02,28,8,42,0.19047619047619047
2022-02,29,11,42,0.2619047619047619
2022-02,30,12,42,0.2857142857142857
2022-02,31,12,42,0.2857142857142857
2022-02,32,7,42,0.16666666666666666
2022-02,33,13,42,0.30952380952380953
2022-02,34,10,42,0.23809523809523808
2022-02,35,10,42,0.23809523809523808
2022-02,36,8,42,0.19047619047619047
2022-02,37,11,42,0.2619047619047619
2022-02,38,12,42,0.2857142857142857
2022-02,39,8,42,0.19047619047619047
2022-02,40,8,42,0.19047619047619047
2022-02,41,4,42,0.09523809523809523
2022-02,42,6,42,0.14285714285714285
2022-02,43,9,42,0.21428571428571427
2022-02,44,9,42,0.21428571428571427
2022-02,45,14,42,0.3333333333333333
2022-02,46,12,42,0.2857142857142857
2022-03,0,46,46,1.0
2022-03,1,15,46,0.32608695652173914
2022-03,2,14,46,0.30434782608695654
2022-03,3,16,46,0.34782608695652173
2022-03,4,7,46,0.15217391304347827
2022-03,5,15,46,0.32608695652173914
2022-03,6,18,46,0.391304347826087
2022-03,7,16,46,0.34782608695652173
2022-03,8,19,46,0.41304347826086957
2022-03,9,17,46,0.3695652173913043
2022-03,10,12,46,0.2608695652173913
2022-03,11,13,46,0.2826086956521739
2022-03,12,16,46,0.34782608695652173
2022-03,13,10,46,0.21739130434782608
2022-03,14,10,46,0.21739130434782608
2022-03,15,9,46,0.1956521739130435
2022-03,16,10,46,0.21739130434782608
2022-03,17,12,46,0.2608695652173913
2022-03,18,13,46,0.2826086956521739
2022-03,19,9,46,0.1956521739130435
2022-03,20,12,46,0.2608695652173913
2022-03,21,12,46,0.2608695652173913
2022-03,22,10,46,0.21739130434782608
2022-03,23,12,46,0.2608695652173913
2022-03,24,9,46,0.1956521739130435
2022-03,25,11,46,0.2391304347826087
2022-03,26,10,46,0.21739130434782608
2022-03,27,6,46,0.13043478260869565
2022-03,28,7,46,0.15217391304347827
2022-03,29,10,46,0.21739130434782608
2022-03,30,8,46,0.17391304347826086
2022-03,31,6,46,0.13043478260869565
2022-03,32,8,46,0.17391304347826086
2022-03,33,8,46,0.17391304347826086
2022-03,34,7,46,0.15217391304347827
2022-03,35,4,46,0.08695652173913043
2022-03,36,7,46,0.15217391304347827
2022-03,37,5,46,0.10869565217391304
2022-03,38,9,46,0.1956521739130435
2022-03,39,8,46,0.17391304347826086
2022-03,40,4,46,0.08695652173913043
2022-03,41,9,46,0.1956521739130435
2022-03,42,8,46,0.17391304347826086
2022-03,43,7,46,0.15217391304347827
2022-03,44,9,46,0.1956521739130435
2022-03,45,13,46,0.2826086956521739
2022-04,0,49,49,1.0
2022-04,1,19,49,0.3877551020408163
2022-04,2,19,49,0.3877551020408163
2022-04,3,16,49,0.32653061224489793
2022-04,4,17,49,0.3469387755102041
2022-04,5,13,49,0.2653061224489796
2022-04,6,19,49,0.3877551020408163
2022-04,7,26,49,0.5306122448979592
2022-04,8,24,49,0.4897959183673469
2022-04,9,12,49,0.24489795918367346
2022-04,10,14,49,0.2857142857142857
2022-04,11,17,49,0.3469387755102041
2022-04,12,12,49,0.24489795918367346
2022-04,13,13,49,0.2653061224489796
2022-04,14,13,49,0.2653061224489796
2022-04,15,14,49,0.2857142857142857
2022-04,16,14,49,0.2857142857142857
2022-04,17,12,49,0.24489795918367346
2022-04,18,15,49,0.30612244897959184
2022-04,19,18,49,0.3673469387755102
2022-04,20,18,49,0.3673469387755102
2022-04,21,13,49,0.2653061224489796
2022-04,22,11,49,0.22448979591836735
2022-04,23,11,49,0.22448979591836735
2022-04,24,13,49,0.2653061224489796
2022-04,25,13,49,0.2653061224489796
2022-04,26,11,49,0.22448979591836735
2022-04,27,10,49,0.20408163265306123
2022-04,28,10,49,0.20408163265306123
2022-04,29,6,49,0.12244897959183673
2022-04,30,15,49,0.30612244897959184
2022-04,31,15,49,0.30612244897959184
2022-04,32,11,49,0.22448979591836735
2022-04,33,9,49,0.1836734693877551
2022-04,34,9,49,0.1836734693877551
2022-04,35,11,49,0.22448979591836735
2022-04,36,10,49,0.20408163265306123
2022-04,37,11,49,0.22448979591836735
2022-04,38,8,49,0.16326530612244897
2022-04,39,10,49,0.20408163265306123
2022-04,40,9,49,0.1836734693877551
2022-04,41,13,49,0.2653061224489796
2022-04,42,13,49,0.2653061224489796
2022-04,43,12,49,0.24489795918367346
2022-04,44,14,49,0.2857142857142857
2022-05,0,73,73,1.0
2022-05,1,26,73,0.3561643835616438
2022-05,2,22,73,0.3013698630136986
2022-05,3,24,73,0.3287671232876712
2022-05,4,26,73,0.3561643835616438
2022-05,5,25,73,0.3424657534246575
2022-05,6,33,73,0.4520547945205479
2022-05,7,32,73,0.4383561643835616
2022-05,8,21,73,0.2876712328767123
2022-05,9,21,73,0.2876712328767123
2022-05,10,25,73,0.3424657534246575
2022-05,11,24,73,0.3287671232876712
2022-05,12,22,73,0.3013698630136986
2022-05,13,23,73,0.3150684931506849
2022-05,14,19,73,0.2602739726027397
2022-05,15,17,73,0.2328767123287671
2022-05,16,18,73,0.2465753424657534
2022-05,17,22,73,0.3013698630136986
2022-05,18,24,73,0.3287671232876712
2022-05,19,16,73,0.2191780821917808
2022-05,20,11,73,0.1506849315068493
2022-05,21,21,73,0.2876712328767123
2022-05,22,17,73,0.2328767123287671
2022-05,23,16,73,0.2191780821917808
2022-05,24,14,73,0.1917808219178082
2022-05,25,11,73,0.1506849315068493
2022-05,26,12,73,0.1643835616438356
2022-05,27,17,73,0.2328767123287671
2022-05,28,12,73,0.1643835616438356
2022-05,29,15,73,0.2054794520547945
2022-05,30,20,73,0.273972602739726
2022-05,31,14,73,0.1917808219178082
2022-05,32,6,73,0.0821917808219178
2022-05,33,10,73,0.136986301369863
2022-05,34,12,73,0.1643835616438356
2022-05,35,15,73,0.2054794520547945
2022-05,36,12,73,0.1643835616438356
2022-05,37,10,73,0.136986301369863
2022-05,38,11,73,0.1506849315068493
2022-05,39,11,73,0.1506849315068493
2022-05,40,15,73,0.2054794520547945
2022-05,41,15,73,0.2054794520547945
2022-05,42,16,73,0.2191780821917808
2022-05,43,18,73,0.2465753424657534
2022-06,0,60,60,1.0
2022-06,1,22,60,0.36666666666666664
2022-06,2,20,60,0.3333333333333333
2022-06,3,28,60,0.4666666666666667
2022-06,4,18,60,0.3
2022-06,5,28,60,0.4666666666666667
2022-06,6,29,60,0.48333333333333334
2022-06,7,14,60,0.23333333333333334
2022-06,8,15,60,0.25
2022-06,9,19,60,0.31666666666666665
2022-06,10,26,60,0.43333333333333335
2022-06,11,17,60,0.2833333333333333
2022-06,12,17,60,0.2833333333333333
2022-06,13,14,60,0.23333333333333334
2022-06,14,17,60,0.2833333333333333
2022-06,15,18,60,0.3
2022-06,16,22,60,0.36666666666666664
2022-06,17,21,60,0.35
2022-06,18,22,60,0.36666666666666664
2022-06,19,13,60,0.21666666666666667
2022-06,20,13,60,0.21666666666666667
2022-06,21,12,60,0.2
2022-06,22,11,60,0.18333333333333332
2022-06,23,14,60,0.23333333333333334
2022-06,24,10,60,0.16666666666666666
2022-06,25,9,60,0.15
2022-06,26,10,60,0.16666666666666666
2022-06,27,5,60,0.08333333333333333
2022-06,28,14,60,0.23333333333333334
2022-06,29,12,60,0.2
2022-06,30,16,60,0.26666666666666666
2022-06,31,5,60,0.08333333333333333
2022-06,32,14,60,0.23333333333333334
2022-06,33,7,60,0.11666666666666667
2022-06,34,9,60,0.15
2022-06,35,10,60,0.16666666666666666
2022-06,36,14,60,0.23333333333333334
2022-06,37,5,60,0.08333333333333333
2022-06,38,12,60,0.2
2022-06,39,12,60,0.2
2022-06,40,15,60,0.25
2022-06,41,14,60,0.23333333333333334
2022-06,42,12,60,0.2
2022-07,0,57,57,1.0
2022-07,1,15,57,0.2631578947368421
2022-07,2,16,57,0.2807017543859649
2022-07,3,27,57,0.47368421052631576
2022-07,4,26,57,0.45614035087719296
2022-07,5,27,57,0.47368421052631576
2022-07,6,18,57,0.3157894736842105
2022-07,7,16,57,0.2807017543859649
2022-07,8,17,57,0.2982456140350877
2022-07,9,19,57,0.3333333333333333
2022-07,10,15,57,0.2631578947368421
2022-07,11,20,57,0.3508771929824561
2022-07,12,10,57,0.17543859649122806
2022-07,13,24,57,0.42105263157894735
2022-07,14,21,57,0.3684210526315789
2022-07,15,17,57,0.2982456140350877
2022-07,16,22,57,0.38596491228070173
2022-07,17,21,57,0.3684210526315789
2022-07,18,15,57,0.2631578947368421
2022-07,19,10,57,0.17543859649122806
2022-07,20,18,57,0.3157894736842105
2022-07,21,16,57,0.2807017543859649
2022-07,22,16,57,0.2807017543859649
2022-07,23,8,57,0.14035087719298245
2022-07,24,12,57,0.21052631578947367
2022-07,25,10,57,0.17543859649122806
2022-07,26,20,57,0.3508771929824561
2022-07,27,11,57,0.19298245614035087
2022-07,28,14,57,0.24561403508771928
2022-07,29,18,57,0.3157894736842105
2022-07,30,14,57,0.24561403508771928
2022-07,31,9,57,0.15789473684210525
2022-07,32,10,57,0.17543859649122806
2022-07,33,9,57,0.15789473684210525
2022-07,34,13,57,0.22807017543859648
2022-07,35,9,57,0.15789473684210525
2022-07,36,12,57,0.21052631578947367
2022-07,37,13,57,0.22807017543859648
2022-07,38,8,57,0.14035087719298245
2022-07,39,10,57,0.17543859649122806
2022-07,40,14,57,0.24561403508771928
2022-07,41,17,57,0.2982456140350877
2022-08,0,72,72,1.0
2022-08,1,25,72,0.3472222222222222
2022-08,2,22,72,0.3055555555555556
2022-08,3,36,72,0.5
2022-08,4,36,72,0.5
2022-08,5,17,72,0.2361111111111111
2022-08,6,28,72,0.3888888888888889
2022-08,7,22,72,0.3055555555555556
2022-08,8,18,72,0.25
2022-08,9,24,72,0.3333333333333333
2022-08,10,21,72,0.2916666666666667
2022-08,11,29,72,0.4027777777777778
2022-08,12,20,72,0.2777777777777778
2022-08,13,22,72,0.3055555555555556
2022-08,14,16,72,0.2222222222222222
2022-08,15,25,72,0.3472222222222222
2022-08,16,30,72,0.4166666666666667
2022-08,17,17,72,0.2361111111111111
2022-08,18,20,72,0.2777777777777778
2022-08,19,21,72,0.2916666666666667
2022-08,20,15,72,0.20833333333333334
2022-08,21,18,72,0.25
2022-08,22,15,72,0.20833333333333334
2022-08,23,14,72,0.19444444444444445
2022-08,24,11,72,0.1527777777777778
2022-08,25,21,72,0.2916666666666667
2022-08,26,19,72,0.2638888888888889
2022-08,27,21,72,0.2916666666666667
2022-08,28,25,72,0.3472222222222222
2022-08,29,13,72,0.18055555555555555
2022-08,30,18,72,0.25
2022-08,31,16,72,0.2222222222222222
2022-08,32,13,72,0.18055555555555555
2022-08,33,11,72,0.1527777777777778
2022-08,34,16,72,0.2222222222222222
2022-08,35,18,72,0.25
2022-08,36,14,72,0.19444444444444445
2022-08,37,15,72,0.20833333333333334
2022-08,38,20,72,0.2777777777777778
2022-08,39,23,72,0.3194444444444444
2022-08,40,17,72,0.2361111111111111
2022-09,0,96,96,1.0
2022-09,1,36,96,0.375
2022-09,2,50,96,0.5208333333333334
2022-09,3,48,96,0.5
2022-09,4,24,96,0.25
2022-09,5,31,96,0.3229166666666667
2022-09,6,24,96,0.25
2022-09,7,21,96,0.21875
2022-09,8,34,96,0.3541666666666667
2022-09,9,38,96,0.3958333333333333
2022-09,10,19,96,0.19791666666666666
2022-09,11,29,96,0.3020833333333333
2022-09,12,26,96,0.2708333333333333
2022-09,13,30,96,0.3125
2022-09,14,39,96,0.40625
2022-09,15,35,96,0.3645833333333333
2022-09,16,34,96,0.3541666666666667
2022-09,17,21,96,0.21875
2022-09,18,26,96,0.2708333333333333
2022-09,19,27,96,0.28125
2022-09,20,25,96,0.2604166666666667
2022-09,21,25,96,0.2604166666666667
2022-09,22,19,96,0.19791666666666666
2022-09,23,22,96,0.22916666666666666
2022-09,24,23,96,0.23958333333333334
2022-09,25,17,96,0.17708333333333334
2022-09,26,24,96,0.25
2022-09,27,27,96,0.28125
2022-09,28,14,96,0.14583333333333334
2022-09,29,14,96,0.14583333333333334
2022-09,30,19,96,0.19791666666666666
2022-09,31,12,96,0.125
2022-09,32,21,96,0.21875
2022-09,33,12,96,0.125
2022-09,34,23,96,0.23958333333333334
2022-09,35,16,96,0.16666666666666666
2022-09,36,19,96,0.19791666666666666
2022-09,37,15,96,0.15625
2022-09,38,20,96,0.20833333333333334
2022-09,39,27,96,0.28125
2022-10,0,104,104,1.0
2022-10,1,48,104,0.46153846153846156
2022-10,2,48,104,0.46153846153846156
2022-10,3,30,104,0.28846153846153844
2022-10,4,28,104,0.2692307692307692
2022-10,5,28,104,0.2692307692307692
2022-10,6,36,104,0.34615384615384615
2022-10,7,34,104,0.3269230769230769
2022-10,8,33,104,0.3173076923076923
2022-10,9,28,104,0.2692307692307692
2022-10,10,27,104,0.25961538461538464
2022-10,11,39,104,0.375
2022-10,12,26,104,0.25
2022-10,13,41,104,0.3942307692307692
2022-10,14,41,104,0.3942307692307692
2022-10,15,22,104,0.21153846153846154
2022-10,16,31,104,0.2980769230769231
2022-10,17,23,104,0.22115384615384615
2022-10,18,29,104,0.27884615384615385
2022-10,19,21,104,0.20192307692307693
2022-10,20,22,104,0.21153846153846154
2022-10,21,26,104,0.25
2022-10,22,20,104,0.19230769230769232
2022-10,23,29,104,0.27884615384615385
2022-10,24,29,104,0.27884615384615385
2022-10,25,27,104,0.25961538461538464
2022-10,26,37,104,0.3557692307692308
2022-10,27,22,104,0.21153846153846154
2022-10,28,12,104,0.11538461538461539
2022-10,29,20,104,0.19230769230769232
2022-10,30,29,104,0.27884615384615385
2022-10,31,20,104,0.19230769230769232
2022-10,32,28,104,0.2692307692307692
2022-10,33,16,104,0.15384615384615385
2022-10,34,23,104,0.22115384615384615
2022-10,35,26,104,0.25
2022-10,36,26,104,0.25
2022-10,37,23,104,0.22115384615384615
2022-10,38,25,104,0.2403846153846154
2022-11,0,146,146,1.0
2022-11,1,84,146,0.5753424657534246
2022-11,2,47,146,0.3219178082191781
2022-11,3,40,146,0.273972602739726
2022-11,4,55,146,0.3767123287671233
2022-11,5,44,146,0.3013698630136986
2022-11,6,51,146,0.3493150684931507
2022-11,7,45,146,0.3082191780821918
2022-11,8,32,146,0.2191780821917808
2022-11,9,46,146,0.3150684931506849
2022-11,10,45,146,0.3082191780821918
2022-11,11,55,146,0.3767123287671233
2022-11,12,64,146,0.4383561643835616
2022-11,13,67,146,0.4589041095890411
2022-11,14,38,146,0.2602739726027397
2022-11,15,38,146,0.2602739726027397
2022-11,16,41,146,0.2808219178082192
2022-11,17,45,146,0.3082191780821918
2022-11,18,38,146,0.2602739726027397
2022-11,19,35,146,0.23972602739726026
2022-11,20,35,146,0.23972602739726026
2022-11,21,38,146,0.2602739726027397
2022-11,22,39,146,0.2671232876712329
2022-11,23,38,146,0.2602739726027397
2022-11,24,42,146,0.2876712328767123
2022-11,25,58,146,0.3972602739726027
2022-11,26,25,146,0.17123287671232876
2022-11,27,25,146,0.17123287671232876
2022-11,28,31,146,0.21232876712328766
2022-11,29,42,146,0.2876712328767123
2022-11,30,37,146,0.2534246575342466
2022-11,31,31,146,0.21232876712328766
2022-11,32,30,146,0.2054794520547945
2022-11,33,31,146,0.21232876712328766
2022-11,34,34,146,0.2328767123287671
2022-11,35,37,146,0.2534246575342466
2022-11,36,39,146,0.2671232876712329
2022-11,37,31,146,0.21232876712328766
2022-12,0,155,155,1.0
2022-12,1,47,155,0.3032258064516129
2022-12,2,36,155,0.23225806451612904
2022-12,3,38,155,0.24516129032258063
2022-12,4,52,155,0.33548387096774196
2022-12,5,44,155,0.2838709677419355
2022-12,6,35,155,0.22580645161290322
2022-12,7,42,155,0.2709677419354839
2022-12,8,41,155,0.2645161290322581
2022-12,9,49,155,0.3161290322580645
2022-12,10,47,155,0.3032258064516129
2022-12,11,51,155,0.32903225806451614
2022-12,12,50,155,0.3225806451612903
2022-12,13,38,155,0.24516129032258063
2022-12,14,26,155,0.16774193548387098
2022-12,15,40,155,0.25806451612903225
2022-12,16,35,155,0.22580645161290322
2022-12,17,44,155,0.2838709677419355
2022-12,18,41,155,0.2645161290322581
2022-12,19,32,155,0.2064516129032258
2022-12,20,23,155,0.14838709677419354
2022-12,21,37,155,0.23870967741935484
2022-12,22,37,155,0.23870967741935484
2022-12,23,53,155,0.3419354838709677
2022-12,24,48,155,0.3096774193548387
2022-12,25,32,155,0.2064516129032258
2022-12,26,29,155,0.1870967741935484
2022-12,27,35,155,0.22580645161290322
2022-12,28,36,155,0.23225806451612904
2022-12,29,25,155,0.16129032258064516
2022-12,30,26,155,0.16774193548387098
2022-12,31,27,155,0.17419354838709677
2022-12,32,36,155,0.23225806451612904
2022-12,33,35,155,0.22580645161290322
2022-12,34,22,155,0.14193548387096774
2022-12,35,45,155,0.2903225806451613
2022-12,36,42,155,0.2709677419354839
2023-01,0,71,71,1.0
2023-01,1,25,71,0.352112676056338
2023-01,2,28,71,0.39436619718309857
2023-01,3,22,71,0.30985915492957744
2023-01,4,30,71,0.4225352112676056
2023-01,5,20,71,0.28169014084507044
2023-01,6,26,71,0.36619718309859156
2023-01,7,30,71,0.4225352112676056
2023-01,8,32,71,0.4507042253521127
2023-01,9,31,71,0.43661971830985913
2023-01,10,24,71,0.3380281690140845
2023-01,11,37,71,0.5211267605633803
2023-01,12,23,71,0.323943661971831
2023-01,13,16,71,0.22535211267605634
2023-01,14,18,71,0.2535211267605634
2023-01,15,20,71,0.28169014084507044
2023-01,16,18,71,0.2535211267605634
2023-01,17,20,71,0.28169014084507044
2023-01,18,22,71,0.30985915492957744
2023-01,19,19,71,0.2676056338028169
2023-01,20,22,71,0.30985915492957744
2023-01,21,20,71,0.28169014084507044
2023-01,22,19,71,0.2676056338028169
2023-01,23,26,71,0.36619718309859156
2023-01,24,19,71,0.2676056338028169
2023-01,25,15,71,0.2112676056338028
2023-01,26,15,71,0.2112676056338028
2023-01,27,13,71,0.18309859154929578
2023-01,28,18,71,0.2535211267605634
2023-01,29,16,71,0.22535211267605634
2023-01,30,12,71,0.16901408450704225
2023-01,31,13,71,0.18309859154929578
2023-01,32,13,71,0.18309859154929578
2023-01,33,16,71,0.22535211267605634
2023-01,34,22,71,0.30985915492957744
2023-01,35,15,71,0.2112676056338028
2023-02,0,70,70,1.0
2023-02,1,21,70,0.3
2023-02,2,19,70,0.2714285714285714
2023-02,3,23,70,0.32857142857142857
2023-02,4,23,70,0.32857142857142857
2023-02,5,22,70,0.3142857142857143
2023-02,6,20,70,0.2857142857142857
2023-02,7,21,70,0.3
2023-02,8,27,70,0.38571428571428573
2023-02,9,26,70,0.37142857142857144
2023-02,10,29,70,0.4142857142857143
2023-02,11,17,70,0.24285714285714285
2023-02,12,15,70,0.21428571428571427
2023-02,13,17,70,0.24285714285714285
2023-02,14,19,70,0.2714285714285714
2023-02,15,21,70,0.3
2023-02,16,12,70,0.17142857142857143
2023-02,17,15,70,0.21428571428571427
2023-02,18,14,70,0.2
2023-02,19,13,70,0.18571428571428572
2023-02,20,16,70,0.22857142857142856
2023-02,21,21,70,0.3
2023-02,22,17,70,0.24285714285714285
2023-02,23,14,70,0.2
2023-02,24,15,70,0.21428571428571427
2023-02,25,9,70,0.12857142857142856
2023-02,26,13,70,0.18571428571428572
2023-02,27,8,70,0.11428571428571428
2023-02,28,13,70,0.18571428571428572
2023-02,29,15,70,0.21428571428571427
2023-02,30,12,70,0.17142857142857143
2023-02,31,13,70,0.18571428571428572
2023-02,32,10,70,0.14285714285714285
2023-02,33,14,70,0.2
2023-02,34,18,70,0.2571428571428571
2023-03,0,83,83,1.0
2023-03,1,21,83,0.25301204819277107
2023-03,2,25,83,0.30120481927710846
2023-03,3,24,83,0.2891566265060241
2023-03,4,24,83,0.2891566265060241
2023-03,5,21,83,0.25301204819277107
2023-03,6,23,83,0.27710843373493976
2023-03,7,27,83,0.3253012048192771
2023-03,8,31,83,0.37349397590361444
2023-03,9,32,83,0.3855421686746988
2023-03,10,20,83,0.24096385542168675
2023-03,11,13,83,0.1566265060240964
2023-03,12,23,83,0.27710843373493976
2023-03,13,19,83,0.2289156626506024
2023-03,14,23,83,0.27710843373493976
2023-03,15,19,83,0.2289156626506024
2023-03,16,13,83,0.1566265060240964
2023-03,17,13,83,0.1566265060240964
2023-03,18,22,83,0.26506024096385544
2023-03,19,22,83,0.26506024096385544
2023-03,20,26,83,0.3132530120481928
2023-03,21,29,83,0.3493975903614458
2023-03,22,11,83,0.13253012048192772
2023-03,23,15,83,0.18072289156626506
2023-03,24,19,83,0.2289156626506024
2023-03,25,19,83,0.2289156626506024
2023-03,26,15,83,0.18072289156626506
2023-03,27,10,83,0.12048192771084337
2023-03,28,12,83,0.14457831325301204
2023-03,29,11,83,0.13253012048192772
2023-03,30,12,83,0.14457831325301204
2023-03,31,17,83,0.20481927710843373
2023-03,32,21,83,0.25301204819277107
2023-03,33,24,83,0.2891566265060241
2023-04,0,86,86,1.0
2023-04,1,42,86,0.4883720930232558
2023-04,2,36,86,0.4186046511627907
2023-04,3,19,86,0.22093023255813954
2023-04,4,25,86,0.29069767441860467
2023-04,5,30,86,0.3488372093023256
2023-04,6,31,86,0.36046511627906974
2023-04,7,39,86,0.45348837209302323
2023-04,8,40,86,0.46511627906976744
2023-04,9,27,86,0.313953488372093
2023-04,10,28,86,0.32558139534883723
2023-04,11,31,86,0.36046511627906974
2023-04,12,22,86,0.2558139534883721
2023-04,13,24,86,0.27906976744186046
2023-04,14,21,86,0.2441860465116279
2023-04,15,16,86,0.18604651162790697
2023-04,16,22,86,0.2558139534883721
2023-04,17,19,86,0.22093023255813954
2023-04,18,26,86,0.3023255813953488
2023-04,19,29,86,0.3372093023255814
2023-04,20,29,86,0.3372093023255814
2023-04,21,19,86,0.22093023255813954
2023-04,22,22,86,0.2558139534883721
2023-04,23,16,86,0.18604651162790697
2023-04,24,17,86,0.19767441860465115
2023-04,25,24,86,0.27906976744186046
2023-04,26,24,86,0.27906976744186046
2023-04,27,14,86,0.16279069767441862
2023-04,28,20,86,0.23255813953488372
2023-04,29,13,86,0.1511627906976744
2023-04,30,15,86,0.1744186046511628
2023-04,31,17,86,0.19767441860465115
2023-04,32,29,86,0.3372093023255814
2023-05,0,105,105,1.0
2023-05,1,44,105,0.41904761904761906
2023-05,2,29,105,0.2761904761904762
2023-05,3,30,105,0.2857142857142857
2023-05,4,39,105,0.37142857142857144
2023-05,5,34,105,0.3238095238095238
2023-05,6,45,105,0.42857142857142855
2023-05,7,46,105,0.4380952380952381
2023-05,8,38,105,0.3619047619047619
2023-05,9,24,105,0.22857142857142856
2023-05,10,29,105,0.2761904761904762
2023-05,11,33,105,0.3142857142857143
2023-05,12,32,105,0.3047619047619048
2023-05,13,28,105,0.26666666666666666
2023-05,14,22,105,0.20952380952380953
2023-05,15,30,105,0.2857142857142857
2023-05,16,32,105,0.3047619047619048
2023-05,17,27,105,0.2571428571428571
2023-05,18,34,105,0.3238095238095238
2023-05,19,41,105,0.3904761904761905
2023-05,20,27,105,0.2571428571428571
2023-05,21,21,105,0.2
2023-05,22,29,105,0.2761904761904762
2023-05,23,25,105,0.23809523809523808
2023-05,24,19,105,0.18095238095238095
2023-05,25,22,105,0.20952380952380953
2023-05,26,24,105,0.22857142857142856
2023-05,27,27,105,0.2571428571428571
2023-05,28,23,105,0.21904761904761905
2023-05,29,31,105,0.29523809523809524
2023-05,30,39,105,0.37142857142857144
2023-05,31,39,105,0.37142857142857144
2023-06,0,85,85,1.0
2023-06,1,29,85,0.3411764705882353
2023-06,2,27,85,0.3176470588235294
2023-06,3,26,85,0.3058823529411765
2023-06,4,29,85,0.3411764705882353
2023-06,5,37,85,0.43529411764705883
2023-06,6,36,85,0.4235294117647059
2023-06,7,23,85,0.27058823529411763
2023-06,8,18,85,0.21176470588235294
2023-06,9,27,85,0.3176470588235294
2023-06,10,16,85,0.18823529411764706
2023-06,11,22,85,0.25882352941176473
2023-06,12,19,85,0.2235294117647059
2023-06,13,18,85,0.21176470588235294
2023-06,14,21,85,0.24705882352941178
2023-06,15,22,85,0.25882352941176473
2023-06,16,23,85,0.27058823529411763
2023-06,17,31,85,0.36470588235294116
2023-06,18,29,85,0.3411764705882353
2023-06,19,14,85,0.16470588235294117
2023-06,20,18,85,0.21176470588235294
2023-06,21,19,85,0.2235294117647059
2023-06,22,23,85,0.27058823529411763
2023-06,23,19,85,0.2235294117647059
2023-06,24,24,85,0.2823529411764706
2023-06,25,17,85,0.2
2023-06,26,18,85,0.21176470588235294
2023-06,27,17,85,0.2
2023-06,28,16,85,0.18823529411764706
2023-06,29,24,85,0.2823529411764706
2023-06,30,21,85,0.24705882352941178
2023-07,0,77,77,1.0
2023-07,1,22,77,0.2857142857142857
2023-07,2,30,77,0.38961038961038963
2023-07,3,31,77,0.4025974025974026
2023-07,4,34,77,0.44155844155844154
2023-07,5,33,77,0.42857142857142855
2023-07,6,25,77,0.3246753246753247
2023-07,7,16,77,0.2077922077922078
2023-07,8,26,77,0.33766233766233766
2023-07,9,28,77,0.36363636363636365
2023-07,10,24,77,0.3116883116883117
2023-07,11,16,77,0.2077922077922078
2023-07,12,15,77,0.19480519480519481
2023-07,13,21,77,0.2727272727272727
2023-07,14,18,77,0.23376623376623376
2023-07,15,23,77,0.2987012987012987
2023-07,16,30,77,0.38961038961038963
2023-07,17,25,77,0.3246753246753247
2023-07,18,18,77,0.23376623376623376
2023-07,19,18,77,0.23376623376623376
2023-07,20,22,77,0.2857142857142857
2023-07,21,17,77,0.22077922077922077
2023-07,22,18,77,0.23376623376623376
2023-07,23,18,77,0.23376623376623376
2023-07,24,14,77,0.18181818181818182
2023-07,25,20,77,0.2597402597402597
2023-07,26,16,77,0.2077922077922078
2023-07,27,19,77,0.24675324675324675
2023-07,28,23,77,0.2987012987012987
2023-07,29,22,77,0.2857142857142857
2023-08,0,105,105,1.0
2023-08,1,33,105,0.3142857142857143
2023-08,2,33,105,0.3142857142857143
2023-08,3,48,105,0.45714285714285713
2023-08,4,45,105,0.42857142857142855
2023-08,5,30,105,0.2857142857142857
2023-08,6,29,105,0.2761904761904762
2023-08,7,38,105,0.3619047619047619
2023-08,8,33,105,0.3142857142857143
2023-08,9,33,105,0.3142857142857143
2023-08,10,37,105,0.3523809523809524
2023-08,11,27,105,0.2571428571428571
2023-08,12,30,105,0.2857142857142857
2023-08,13,25,105,0.23809523809523808
2023-08,14,34,105,0.3238095238095238
2023-08,15,44,105,0.41904761904761906
2023-08,16,39,105,0.37142857142857144
2023-08,17,24,105,0.22857142857142856
2023-08,18,24,105,0.22857142857142856
2023-08,19,23,105,0.21904761904761905
2023-08,20,30,105,0.2857142857142857
2023-08,21,29,105,0.2761904761904762
2023-08,22,23,105,0.21904761904761905
2023-08,23,24,105,0.22857142857142856
2023-08,24,26,105,0.24761904761904763
2023-08,25,30,105,0.2857142857142857
2023-08,26,29,105,0.2761904761904762
2023-08,27,31,105,0.29523809523809524
2023-08,28,35,105,0.3333333333333333
2023-09,0,105,105,1.0
2023-09,1,41,105,0.3904761904761905
2023-09,2,49,105,0.4666666666666667
2023-09,3,46,105,0.4380952380952381
2023-09,4,23,105,0.21904761904761905
2023-09,5,29,105,0.2761904761904762
2023-09,6,28,105,0.26666666666666666
2023-09,7,33,105,0.3142857142857143
2023-09,8,35,105,0.3333333333333333
2023-09,9,30,105,0.2857142857142857
2023-09,10,32,105,0.3047619047619048
2023-09,11,25,105,0.23809523809523808
2023-09,12,29,105,0.2761904761904762
2023-09,13,34,105,0.3238095238095238
2023-09,14,43,105,0.4095238095238095
2023-09,15,38,105,0.3619047619047619
2023-09,16,27,105,0.2571428571428571
2023-09,17,24,105,0.22857142857142856
2023-09,18,24,105,0.22857142857142856
2023-09,19,18,105,0.17142857142857143
2023-09,20,17,105,0.1619047619047619
2023-09,21,17,105,0.1619047619047619
2023-09,22,15,105,0.14285714285714285
2023-09,23,16,105,0.1523809523809524
2023-09,24,17,105,0.1619047619047619
2023-09,25,22,105,0.20952380952380953
2023-09,26,29,105,0.2761904761904762
2023-09,27,30,105,0.2857142857142857
2023-10,0,131,131,1.0
2023-10,1,57,131,0.4351145038167939
2023-10,2,72,131,0.549618320610687
2023-10,3,35,131,0.26717557251908397
2023-10,4,36,131,0.2748091603053435
2023-10,5,49,131,0.37404580152671757
2023-10,6,42,131,0.32061068702290074
2023-10,7,37,131,0.2824427480916031
2023-10,8,43,131,0.3282442748091603
2023-10,9,38,131,0.2900763358778626
2023-10,10,28,131,0.21374045801526717
2023-10,11,35,131,0.26717557251908397
2023-10,12,34,131,0.2595419847328244
2023-10,13,49,131,0.37404580152671757
2023-10,14,43,131,0.3282442748091603
2023-10,15,33,131,0.25190839694656486
2023-10,16,27,131,0.20610687022900764
2023-10,17,31,131,0.2366412213740458
2023-10,18,31,131,0.2366412213740458
2023-10,19,35,131,0.26717557251908397
2023-10,20,27,131,0.20610687022900764
2023-10,21,19,131,0.1450381679389313
2023-10,22,31,131,0.2366412213740458
2023-10,23,29,131,0.22137404580152673
2023-10,24,30,131,0.22900763358778625
2023-10,25,37,131,0.2824427480916031
2023-10,26,43,131,0.3282442748091603
2023-11,0,183,183,1.0
2023-11,1,101,183,0.5519125683060109
2023-11,2,57,183,0.3114754098360656
2023-11,3,63,183,0.3442622950819672
2023-11,4,59,183,0.3224043715846995
2023-11,5,65,183,0.3551912568306011
2023-11,6,72,183,0.39344262295081966
2023-11,7,55,183,0.3005464480874317
2023-11,8,56,183,0.30601092896174864
2023-11,9,57,183,0.3114754098360656
2023-11,10,59,183,0.3224043715846995
2023-11,11,63,183,0.3442622950819672
2023-11,12,60,183,0.32786885245901637
2023-11,13,75,183,0.4098360655737705
2023-11,14,53,183,0.2896174863387978
2023-11,15,49,183,0.2677595628415301
2023-11,16,47,183,0.2568306010928962
2023-11,17,53,183,0.2896174863387978
2023-11,18,46,183,0.25136612021857924
2023-11,19,37,183,0.20218579234972678
2023-11,20,36,183,0.19672131147540983
2023-11,21,41,183,0.22404371584699453
2023-11,22,48,183,0.26229508196721313
2023-11,23,46,183,0.25136612021857924
2023-11,24,61,183,0.3333333333333333
2023-11,25,56,183,0.30601092896174864
2023-12,0,191,191,1.0
2023-12,1,68,191,0.35602094240837695
2023-12,2,62,191,0.32460732984293195
2023-12,3,58,191,0.3036649214659686
2023-12,4,59,191,0.3089005235602094
2023-12,5,58,191,0.3036649214659686
2023-12,6,60,191,0.31413612565445026
2023-12,7,44,191,0.23036649214659685
2023-12,8,61,191,0.3193717277486911
2023-12,9,70,191,0.36649214659685864
2023-12,10,58,191,0.3036649214659686
2023-12,11,81,191,0.42408376963350786
2023-12,12,78,191,0.4083769633507853
2023-12,13,46,191,0.24083769633507854
2023-12,14,45,191,0.2356020942408377
2023-12,15,47,191,0.24607329842931938
2023-12,16,44,191,0.23036649214659685
2023-12,17,58,191,0.3036649214659686
2023-12,18,45,191,0.2356020942408377
2023-12,19,42,191,0.2198952879581152
2023-12,20,39,191,0.20418848167539266
2023-12,21,38,191,0.19895287958115182
2023-12,22,48,191,0.2513089005235602
2023-12,23,64,191,0.33507853403141363
2023-12,24,55,191,0.2879581151832461
2024-01,0,89,89,1.0
2024-01,1,23,89,0.25842696629213485
2024-01,2,34,89,0.38202247191011235
2024-01,3,35,89,0.39325842696629215
2024-01,4,35,89,0.39325842696629215
2024-01,5,33,89,0.3707865168539326
2024-01,6,28,89,0.3146067415730337
2024-01,7,27,89,0.30337078651685395
2024-01,8,27,89,0.30337078651685395
2024-01,9,34,89,0.38202247191011235
2024-01,10,44,89,0.4943820224719101
2024-01,11,31,89,0.34831460674157305
2024-01,12,21,89,0.23595505617977527
2024-01,13,25,89,0.2808988764044944
2024-01,14,27,89,0.30337078651685395
2024-01,15,19,89,0.21348314606741572
2024-01,16,23,89,0.25842696629213485
2024-01,17,25,89,0.2808988764044944
2024-01,18,14,89,0.15730337078651685
2024-01,19,23,89,0.25842696629213485
2024-01,20,24,89,0.2696629213483146
2024-01,21,25,89,0.2808988764044944
2024-01,22,32,89,0.3595505617977528
2024-01,23,32,89,0.3595505617977528
2024-02,0,91,91,1.0
2024-02,1,34,91,0.37362637362637363
2024-02,2,32,91,0.3516483516483517
2024-02,3,32,91,0.3516483516483517
2024-02,4,32,91,0.3516483516483517
2024-02,5,29,91,0.31868131868131866
2024-02,6,29,91,0.31868131868131866
2024-02,7,34,91,0.37362637362637363
2024-02,8,27,91,0.2967032967032967
2024-02,9,36,91,0.3956043956043956
2024-02,10,42,91,0.46153846153846156
2024-02,11,22,91,0.24175824175824176
2024-02,12,21,91,0.23076923076923078
2024-02,13,24,91,0.26373626373626374
2024-02,14,26,91,0.2857142857142857
2024-02,15,30,91,0.32967032967032966
2024-02,16,27,91,0.2967032967032967
2024-02,17,16,91,0.17582417582417584
2024-02,18,24,91,0.26373626373626374
2024-02,19,24,91,0.26373626373626374
2024-02,20,29,91,0.31868131868131866
2024-02,21,24,91,0.26373626373626374
2024-02,22,41,91,0.45054945054945056
2024-03,0,98,98,1.0
2024-03,1,33,98,0.336734693877551
2024-03,2,40,98,0.40816326530612246
2024-03,3,25,98,0.25510204081632654
2024-03,4,23,98,0.23469387755102042
2024-03,5,29,98,0.29591836734693877
2024-03,6,33,98,0.336734693877551
2024-03,7,22,98,0.22448979591836735
2024-03,8,37,98,0.37755102040816324
2024-03,9,35,98,0.35714285714285715
2024-03,10,26,98,0.2653061224489796
2024-03,11,22,98,0.22448979591836735
2024-03,12,20,98,0.20408163265306123
2024-03,13,29,98,0.29591836734693877
2024-03,14,25,98,0.25510204081632654
2024-03,15,27,98,0.2755102040816326
2024-03,16,27,98,0.2755102040816326
2024-03,17,24,98,0.24489795918367346
2024-03,18,22,98,0.22448979591836735
2024-03,19,25,98,0.25510204081632654
2024-03,20,32,98,0.32653061224489793
2024-03,21,36,98,0.3673469387755102
2024-04,0,102,102,1.0
2024-04,1,33,102,0.3235294117647059
2024-04,2,28,102,0.27450980392156865
2024-04,3,26,102,0.2549019607843137
2024-04,4,24,102,0.23529411764705882
2024-04,5,44,102,0.43137254901960786
2024-04,6,37,102,0.3627450980392157
2024-04,7,42,102,0.4117647058823529
2024-04,8,35,102,0.3431372549019608
2024-04,9,24,102,0.23529411764705882
2024-04,10,22,102,0.21568627450980393
2024-04,11,25,102,0.24509803921568626
2024-04,12,23,102,0.22549019607843138
2024-04,13,23,102,0.22549019607843138
2024-04,14,21,102,0.20588235294117646
2024-04,15,23,102,0.22549019607843138
2024-04,16,28,102,0.27450980392156865
2024-04,17,21,102,0.20588235294117646
2024-04,18,25,102,0.24509803921568626
2024-04,19,34,102,0.3333333333333333
2024-04,20,36,102,0.35294117647058826
2024-05,0,143,143,1.0
2024-05,1,54,143,0.3776223776223776
2024-05,2,49,143,0.34265734265734266
2024-05,3,45,143,0.3146853146853147
2024-05,4,54,143,0.3776223776223776
2024-05,5,51,143,0.35664335664335667
2024-05,6,69,143,0.4825174825174825
2024-05,7,74,143,0.5174825174825175
2024-05,8,36,143,0.2517482517482518
2024-05,9,39,143,0.2727272727272727
2024-05,10,35,143,0.24475524475524477
2024-05,11,40,143,0.27972027972027974
2024-05,12,37,143,0.25874125874125875
2024-05,13,28,143,0.1958041958041958
2024-05,14,34,143,0.23776223776223776
2024-05,15,29,143,0.20279720279720279
2024-05,16,29,143,0.20279720279720279
2024-05,17,35,143,0.24475524475524477
2024-05,18,50,143,0.34965034965034963
2024-05,19,43,143,0.3006993006993007
2024-06,0,116,116,1.0
2024-06,1,36,116,0.3103448275862069
2024-06,2,40,116,0.3448275862068966
2024-06,3,40,116,0.3448275862068966
2024-06,4,45,116,0.3879310344827586
2024-06,5,58,116,0.5
2024-06,6,52,116,0.4482758620689655
2024-06,7,39,116,0.33620689655172414
2024-06,8,39,116,0.33620689655172414
2024-06,9,32,116,0.27586206896551724
2024-06,10,35,116,0.3017241379310345
2024-06,11,42,116,0.3620689655172414
2024-06,12,29,116,0.25
2024-06,13,35,116,0.3017241379310345
2024-06,14,29,116,0.25
2024-06,15,30,116,0.25862068965517243
2024-06,16,27,116,0.23275862068965517
2024-06,17,31,116,0.2672413793103448
2024-06,18,45,116,0.3879310344827586
2024-07,0,78,78,1.0
2024-07,1,15,78,0.19230769230769232
2024-07,2,33,78,0.4230769230769231
2024-07,3,31,78,0.3974358974358974
2024-07,4,46,78,0.5897435897435898
2024-07,5,36,78,0.46153846153846156
2024-07,6,24,78,0.3076923076923077
2024-07,7,24,78,0.3076923076923077
2024-07,8,26,78,0.3333333333333333
2024-07,9,20,78,0.2564102564102564
2024-07,10,20,78,0.2564102564102564
2024-07,11,27,78,0.34615384615384615
2024-07,12,23,78,0.2948717948717949
2024-07,13,25,78,0.32051282051282054
2024-07,14,31,78,0.3974358974358974
2024-07,15,26,78,0.3333333333333333
2024-07,16,34,78,0.4358974358974359
2024-07,17,27,78,0.34615384615384615
2024-08,0,101,101,1.0
2024-08,1,50,101,0.49504950495049505
2024-08,2,35,101,0.3465346534653465
2024-08,3,43,101,0.42574257425742573
2024-08,4,51,101,0.504950495049505
2024-08,5,32,101,0.31683168316831684
2024-08,6,33,101,0.32673267326732675
2024-08,7,30,101,0.297029702970297
2024-08,8,44,101,0.43564356435643564
2024-08,9,28,101,0.27722772277227725
2024-08,10,35,101,0.3465346534653465
2024-08,11,26,101,0.25742574257425743
2024-08,12,24,101,0.2376237623762376
2024-08,13,23,101,0.22772277227722773
2024-08,14,29,101,0.2871287128712871
2024-08,15,39,101,0.38613861386138615
2024-08,16,41,101,0.40594059405940597
2024-09,0,130,130,1.0
2024-09,1,48,130,0.36923076923076925
2024-09,2,67,130,0.5153846153846153
2024-09,3,68,130,0.5230769230769231
2024-09,4,36,130,0.27692307692307694
2024-09,5,37,130,0.2846153846153846
2024-09,6,40,130,0.3076923076923077
2024-09,7,31,130,0.23846153846153847
2024-09,8,40,130,0.3076923076923077
2024-09,9,35,130,0.2692307692307692
2024-09,10,34,130,0.26153846153846155
2024-09,11,38,130,0.2923076923076923
2024-09,12,35,130,0.2692307692307692
2024-09,13,36,130,0.27692307692307694
2024-09,14,40,130,0.3076923076923077
2024-09,15,45,130,0.34615384615384615
2024-10,0,148,148,1.0
2024-10,1,74,148,0.5
2024-10,2,68,148,0.4594594594594595
2024-10,3,49,148,0.3310810810810811
2024-10,4,34,148,0.22972972972972974
2024-10,5,37,148,0.25
2024-10,6,48,148,0.32432432432432434
2024-10,7,47,148,0.31756756756756754
2024-10,8,34,148,0.22972972972972974
2024-10,9,37,148,0.25
2024-10,10,40,148,0.2702702702702703
2024-10,11,42,148,0.28378378378378377
2024-10,12,47,148,0.31756756756756754
2024-10,13,49,148,0.3310810810810811
2024-10,14,49,148,0.3310810810810811
2024-11,0,186,186,1.0
2024-11,1,88,186,0.4731182795698925
2024-11,2,62,186,0.3333333333333333
2024-11,3,58,186,0.3118279569892473
2024-11,4,67,186,0.3602150537634409
2024-11,5,71,186,0.3817204301075269
2024-11,6,77,186,0.41397849462365593
2024-11,7,63,186,0.3387096774193548
2024-11,8,57,186,0.3064516129032258
2024-11,9,54,186,0.2903225806451613
2024-11,10,66,186,0.3548387096774194
2024-11,11,73,186,0.3924731182795699
2024-11,12,78,186,0.41935483870967744
2024-11,13,74,186,0.3978494623655914
2024-12,0,183,183,1.0
2024-12,1,67,183,0.366120218579235
2024-12,2,50,183,0.273224043715847
2024-12,3,62,183,0.33879781420765026
2024-12,4,66,183,0.36065573770491804
2024-12,5,63,183,0.3442622950819672
2024-12,6,50,183,0.273224043715847
2024-12,7,52,183,0.28415300546448086
2024-12,8,54,183,0.29508196721311475
2024-12,9,54,183,0.29508196721311475
2024-12,10,57,183,0.3114754098360656
2024-12,11,70,183,0.3825136612021858
2024-12,12,78,183,0.4262295081967213
2025-01,0,81,81,1.0
2025-01,1,30,81,0.37037037037037035
2025-01,2,24,81,0.2962962962962963
2025-01,3,22,81,0.2716049382716049
2025-01,4,25,81,0.30864197530864196
2025-01,5,26,81,0.32098765432098764
2025-01,6,23,81,0.2839506172839506
2025-01,7,21,81,0.25925925925925924
2025-01,8,25,81,0.30864197530864196
2025-01,9,25,81,0.30864197530864196
2025-01,10,29,81,0.35802469135802467
2025-01,11,32,81,0.3950617283950617
2025-02,0,83,83,1.0
2025-02,1,35,83,0.42168674698795183
2025-02,2,33,83,0.39759036144578314
2025-02,3,32,83,0.3855421686746988
2025-02,4,32,83,0.3855421686746988
2025-02,5,32,83,0.3855421686746988
2025-02,6,31,83,0.37349397590361444
2025-02,7,36,83,0.43373493975903615
2025-02,8,28,83,0.3373493975903614
2025-02,9,36,83,0.43373493975903615
2025-02,10,35,83,0.42168674698795183
2025-03,0,108,108,1.0
2025-03,1,49,108,0.4537037037037037
2025-03,2,34,108,0.3148148148148148
2025-03,3,29,108,0.26851851851851855
2025-03,4,29,108,0.26851851851851855
2025-03,5,39,108,0.3611111111111111
2025-03,6,29,108,0.26851851851851855
2025-03,7,39,108,0.3611111111111111
2025-03,8,43,108,0.39814814814814814
2025-03,9,52,108,0.48148148148148145
2025-04,0,142,142,1.0
2025-04,1,52,142,0.36619718309859156
2025-04,2,38,142,0.2676056338028169
2025-04,3,43,142,0.3028169014084507
2025-04,4,52,142,0.36619718309859156
2025-04,5,53,142,0.3732394366197183
2025-04,6,45,142,0.31690140845070425
2025-04,7,61,142,0.4295774647887324
2025-04,8,56,142,0.39436619718309857
2025-05,0,124,124,1.0
2025-05,1,45,124,0.3629032258064516
2025-05,2,47,124,0.3790322580645161
2025-05,3,34,124,0.27419354838709675
2025-05,4,48,124,0.3870967741935484
2025-05,5,49,124,0.3951612903225806
2025-05,6,54,124,0.43548387096774194
2025-05,7,57,124,0.4596774193548387
2025-06,0,116,116,1.0
2025-06,1,30,116,0.25862068965517243
2025-06,2,34,116,0.29310344827586204
2025-06,3,38,116,0.3275862068965517
2025-06,4,43,116,0.3706896551724138
2025-06,5,54,116,0.46551724137931033
2025-06,6,54,116,0.46551724137931033
2025-07,0,102,102,1.0
2025-07,1,38,102,0.37254901960784315
2025-07,2,37,102,0.3627450980392157
2025-07,3,32,102,0.3137254901960784
2025-07,4,43,102,0.4215686274509804
2025-07,5,49,102,0.4803921568627451
2025-08,0,138,138,1.0
2025-08,1,58,138,0.42028985507246375
2025-08,2,55,138,0.39855072463768115
2025-08,3,67,138,0.4855072463768116
2025-08,4,69,138,0.5
2025-09,0,144,144,1.0
2025-09,1,53,144,0.3680555555555556
2025-09,2,61,144,0.4236111111111111
2025-09,3,71,144,0.4930555555555556
2025-10,0,167,167,1.0
2025-10,1,86,167,0.5149700598802395
2025-10,2,84,167,0.5029940119760479
2025-11,0,221,221,1.0
2025-11,1,120,221,0.5429864253393665
2025-12,0,217,217,1.0
