feature,psi,status,reference_mean,production_mean
tenure_days,0.2447347816535997,Watch,495.6007668344117,650.0706666666666
recency_days,0.03706512861891745,Stable,225.31799664509944,293.4218333333333
monetary_12m,0.02583216432734029,Stable,9567.867625209681,9273.102821666667
gross_margin_12m,0.020221023016344,Stable,2021.7725712916365,1977.9354616666667
avg_order_value_12m,0.019803971780836774,Stable,1792.5037405099235,1646.6855391509037
frequency_12m,0.019448904788592215,Stable,3.808770668583753,3.667
discount_rate_12m,0.017011292249693347,Stable,0.20591950441379397,0.18745533540223755
category_diversity_12m,0.015220208133655874,Stable,2.468727534148095,2.317
sessions_90d,0.012084387508382022,Stable,9.281092739036664,8.787833333333333
online_order_share_12m,0.007523189884013627,Stable,0.44349534300047133,0.41059755554354765
support_tickets_12m,0.0037397158918453495,Stable,0.7445482866043613,0.7876666666666666
email_open_rate_12m,0.0028965936430561806,Stable,0.3948587891649507,0.39199406580693735
return_rate_12m,0.002698301624769235,Stable,0.07327871376880767,0.06573620298686846
days_since_last_session,0.0017686497817700946,Stable,9.576084351785287,10.814
loyalty_tier_score,0.0001105870243908895,Stable,2.00215672178289,1.996
consent_flag,0.0,Stable,0.8983944404505152,0.8978333333333334
