audit_attribute,audit_group,customers,observed_churn_rate,average_predicted_risk,roc_auc,true_positive_rate
region,Aegean,621,0.5764895330112721,0.5195330149109455,0.856458567878157,0.770949720670391
region,Black Sea,367,0.547683923705722,0.5005185293278063,0.8853323742732123,0.7761194029850746
region,Central Anatolia,671,0.5782414307004471,0.5144396838982144,0.8730738406615424,0.7835051546391752
region,Eastern Anatolia,159,0.5849056603773585,0.4809309903509639,0.8693385467579016,0.7204301075268817
region,Marmara,1549,0.5416397675919948,0.5051570576869965,0.8652184861253338,0.7866507747318237
region,Mediterranean,486,0.5596707818930041,0.5065799380456252,0.8706191588785047,0.7683823529411765
region,Southeastern Anatolia,320,0.559375,0.5008882381061569,0.8514996632196206,0.7541899441340782
age_band,18-24,575,0.551304347826087,0.49367749413799006,0.8600983053334311,0.7476340694006309
age_band,25-34,1368,0.5511695906432749,0.5128436698168664,0.873108891557729,0.7891246684350133
age_band,35-44,1162,0.5602409638554217,0.4999849782324259,0.8537971087683858,0.7511520737327189
age_band,45-54,725,0.5724137931034483,0.5250537108569489,0.8812903225806451,0.8
age_band,55+,343,0.5626822157434402,0.4952377312233949,0.8662176165803108,0.7979274611398963
