month,orders,active_customers,net_revenue,gross_margin,returned_orders,repeat_customers,new_customers,average_order_value,gross_margin_pct,repeat_customer_rate,return_rate
2022-01-01,21,19,64807.36,15257.23,2,2,72,3086.064761904762,0.23542434069216828,0.10526315789473684,0.09523809523809523
2022-02-01,64,50,164962.03,29972.010000000002,5,12,68,2577.53171875,0.18169035625955865,0.24,0.078125
2022-03-01,83,62,223605.96,55606.24,6,17,74,2694.0477108433734,0.24867959691235422,0.27419354838709675,0.07228915662650602
2022-04-01,107,82,273182.6,61094.47,12,18,76,2553.108411214953,0.22363968276164004,0.21951219512195122,0.11214953271028037
2022-05-01,165,127,441716.62,99534.24,12,29,93,2677.070424242424,0.2253350575760541,0.2283464566929134,0.07272727272727272
2022-06-01,200,143,469356.68,106539.9,14,38,73,2346.7834,0.22699133631165108,0.26573426573426573,0.07
2022-07-01,168,145,402534.39,87077.1,17,19,89,2396.038035714286,0.21632213833953418,0.1310344827586207,0.10119047619047619
2022-08-01,239,186,615303.77,144891.76,23,42,98,2574.492761506276,0.23548004589667962,0.22580645161290322,0.09623430962343096
2022-09-01,331,243,910397.84,209829.45,30,69,99,2750.4466465256796,0.23048104991110263,0.2839506172839506,0.09063444108761329
2022-10-01,401,287,1037863.16,236190.24,44,77,107,2588.1874314214465,0.22757358494158322,0.2682926829268293,0.10972568578553615
2022-11-01,667,441,1618857.77,270564.53,60,172,139,2427.0731184407796,0.16713298414103422,0.3900226757369615,0.08995502248875563
2022-12-01,791,522,1811678.54,285171.0,65,187,163,2290.364778761062,0.15740706405894722,0.35823754789272033,0.08217446270543616
2023-01-01,418,324,1071600.64,247211.31,35,80,107,2563.6378947368416,0.2306935072379203,0.24691358024691357,0.08373205741626795
2023-02-01,447,358,1194321.32,282493.93,47,74,93,2671.8597762863537,0.23653092787458568,0.20670391061452514,0.10514541387024609
2023-03-01,536,414,1411560.44,328017.36,52,102,91,2633.5082835820895,0.23237925256675512,0.2463768115942029,0.09701492537313433
2023-04-01,584,432,1422868.45,329222.87,56,115,111,2436.418578767123,0.23137969641536432,0.2662037037037037,0.0958904109589041
2023-05-01,696,508,1802308.72,418483.5,59,146,128,2589.5240229885057,0.23219301740935927,0.2874015748031496,0.08477011494252873
2023-06-01,643,501,1660531.57,386285.35,54,115,95,2582.475225505443,0.23262752541344334,0.22954091816367264,0.08398133748055987
2023-07-01,605,461,1536164.81,369920.09,52,114,114,2539.1153884297523,0.24080755371554177,0.2472885032537961,0.0859504132231405
2023-08-01,718,544,1842233.48,432229.96,56,144,111,2565.784791086351,0.23462279059221094,0.2647058823529412,0.07799442896935933
2023-09-01,833,616,2093893.89,486354.58,74,163,131,2513.6781392557023,0.23227279200857692,0.26461038961038963,0.08883553421368548
2023-10-01,917,693,2256814.03,528783.95,88,170,134,2461.084002181025,0.23430550456122431,0.2453102453102453,0.09596510359869138
2023-11-01,1430,914,3419998.68,551928.74,126,355,166,2391.607468531469,0.16138273480269297,0.38840262582056895,0.08811188811188811
2023-12-01,1654,1038,3923227.04,613651.57,171,414,163,2371.963143893591,0.15641500319594043,0.3988439306358382,0.1033857315598549
2024-01-01,921,701,2478700.98,588592.63,89,176,122,2691.3148534201955,0.23746011913062623,0.25106990014265335,0.09663409337676439
2024-02-01,873,681,2223162.12,506412.12,90,157,108,2546.577457044674,0.22778910968490232,0.2305433186490455,0.10309278350515463
2024-03-01,1053,806,2786801.36,628793.79,92,199,117,2646.535004748338,0.22563279860032798,0.24689826302729528,0.08736942070275404
2024-04-01,1119,829,2870324.9,686510.87,95,227,134,2565.0803395889184,0.23917531774887227,0.2738238841978287,0.08489722966934764
2024-05-01,1230,910,3227652.19,722927.48,115,262,137,2624.1074715447153,0.22397936253472217,0.2879120879120879,0.09349593495934959
2024-06-01,1098,845,2798168.25,662311.02,111,210,124,2548.4228142076504,0.23669449469309076,0.2485207100591716,0.10109289617486339
2024-07-01,1006,778,2603301.77,605820.65,89,192,117,2587.7751192842943,0.2327124181227749,0.2467866323907455,0.08846918489065607
2024-08-01,1102,839,2772138.63,633393.14,96,211,111,2515.552295825771,0.2284853770101678,0.25148986889153757,0.08711433756805807
2024-09-01,1397,1026,3660884.26,854992.36,127,287,119,2620.5327559055117,0.23354804448256444,0.2797270955165692,0.09090909090909091
2024-10-01,1466,1072,3656029.99,839250.42,136,317,143,2493.881302864939,0.22955238942118197,0.2957089552238806,0.0927694406548431
2024-11-01,2262,1425,5141201.12,807376.71,214,579,178,2272.8563748894785,0.1570404835669996,0.4063157894736842,0.09460654288240496
2024-12-01,2392,1508,5767286.23,914496.91,201,604,168,2411.072838628763,0.15856624303524466,0.4005305039787798,0.08403010033444816
2025-01-01,1287,986,3398181.75,804035.36,104,232,115,2640.38986013986,0.236607521066229,0.23529411764705882,0.08080808080808081
2025-02-01,1234,967,3180419.73,732313.67,110,214,127,2577.3255510534846,0.23025692586808347,0.22130299896587383,0.08914100486223663
2025-03-01,1424,1074,3616458.85,839871.92,139,280,138,2539.6480688202246,0.23223599516416454,0.260707635009311,0.0976123595505618
2025-04-01,1622,1196,4273266.63,1002884.64,145,343,168,2634.566356350185,0.234688056429561,0.28678929765886285,0.08939580764488286
2025-05-01,1641,1208,4316547.26,993344.8,164,333,135,2630.4370871419865,0.2301248521486129,0.27566225165562913,0.09993906154783669
2025-06-01,1526,1136,3896822.59,916560.58,145,308,139,2553.6189973787677,0.2352071614325147,0.2711267605633803,0.09501965923984272
2025-07-01,1403,1089,3559975.57,853556.25,108,258,117,2537.4024019957233,0.2397646369241798,0.2369146005509642,0.07697790449037777
2025-08-01,1625,1236,4178136.98,964552.9,152,319,147,2571.1612184615383,0.23085717500817793,0.2580906148867314,0.09353846153846154
2025-09-01,1876,1336,4973942.91,1172008.25,182,391,167,2651.3554957356077,0.2356296144138896,0.2926646706586826,0.09701492537313433
2025-10-01,2043,1461,5285303.11,1232708.25,182,447,158,2587.0304013705336,0.23323321753631646,0.3059548254620123,0.08908467939304944
2025-11-01,2977,1883,7155898.13,1138504.68,256,750,210,2403.7279576755122,0.1591001799238861,0.3983005841741901,0.08599261001007726
2025-12-01,3344,2060,7803663.42,1217271.47,294,852,206,2333.631405502392,0.1559871824917841,0.41359223300970877,0.08791866028708134
