customer_id,rank,feature,feature_value,shap_value,base_value,churn_probability,direction
C004407,1,sessions_90d,1.0,0.3315585492925913,0.45087160584397895,0.9607383271385054,Increases risk
C004407,2,recency_days,1818.0,0.08556544195433982,0.45087160584397895,0.9607383271385054,Increases risk
C004407,3,frequency_12m,0.0,0.01337346219105967,0.45087160584397895,0.9607383271385054,Increases risk
C004407,4,monetary_12m,0.0,0.012281826343240265,0.45087160584397895,0.9607383271385054,Increases risk
C004407,5,email_open_rate_12m,0.02564102564102564,0.011387225169117055,0.45087160584397895,0.9607383271385054,Increases risk
C002436,1,sessions_90d,3.0,0.3014836547750457,0.45087160584397895,0.9601562713161115,Increases risk
C002436,2,recency_days,1817.0,0.13370257480714287,0.45087160584397895,0.9601562713161115,Increases risk
C002436,3,tenure_days,1452.0,0.014188142676451465,0.45087160584397895,0.9601562713161115,Increases risk
C002436,4,monetary_12m,0.0,0.010780192893723617,0.45087160584397895,0.9601562713161115,Increases risk
C002436,5,frequency_12m,0.0,0.010708021753002117,0.45087160584397895,0.9601562713161115,Increases risk
C000573,1,sessions_90d,2.0,0.3358957245486269,0.45087160584397895,0.9620808285923855,Increases risk
C000573,2,recency_days,1816.0,0.0926915029236979,0.45087160584397895,0.9620808285923855,Increases risk
C000573,3,email_open_rate_12m,0.2727272727272727,0.016158529986654235,0.45087160584397895,0.9620808285923855,Increases risk
C000573,4,frequency_12m,0.0,0.014830208522069843,0.45087160584397895,0.9620808285923855,Increases risk
C000573,5,monetary_12m,0.0,0.009885040068831868,0.45087160584397895,0.9620808285923855,Increases risk
C005090,1,sessions_90d,0.0,0.2631642156724193,0.45087160584397895,0.9641799851814055,Increases risk
C005090,2,days_since_last_session,153.0,0.08251211708935874,0.45087160584397895,0.9641799851814055,Increases risk
C005090,3,recency_days,1814.0,0.08005889254333132,0.45087160584397895,0.9641799851814055,Increases risk
C005090,4,frequency_12m,0.0,0.015382224317203708,0.45087160584397895,0.9641799851814055,Increases risk
C005090,5,email_open_rate_12m,0.15,0.01461288562801108,0.45087160584397895,0.9641799851814055,Increases risk
C005239,1,sessions_90d,2.0,0.2631209616510554,0.45087160584397895,0.9635984325348064,Increases risk
C005239,2,days_since_last_session,61.0,0.07951942314627716,0.45087160584397895,0.9635984325348064,Increases risk
C005239,3,recency_days,1814.0,0.07493637240491943,0.45087160584397895,0.9635984325348064,Increases risk
C005239,4,frequency_12m,0.0,0.01790482558209716,0.45087160584397895,0.9635984325348064,Increases risk
C005239,5,tenure_days,1449.0,0.013486337561095962,0.45087160584397895,0.9635984325348064,Increases risk
C002811,1,sessions_90d,2.0,0.2985201083843277,0.45087160584397895,0.9623366551020475,Increases risk
C002811,2,recency_days,1812.0,0.08572056210440374,0.45087160584397895,0.9623366551020475,Increases risk
C002811,3,frequency_12m,0.0,0.026360627767028022,0.45087160584397895,0.9623366551020475,Increases risk
C002811,4,category_diversity_12m,0.0,0.01879825692763981,0.45087160584397895,0.9623366551020475,Increases risk
C002811,5,tenure_days,1447.0,0.018619552215077384,0.45087160584397895,0.9623366551020475,Increases risk
C003920,1,sessions_90d,1.0,0.2898563675117981,0.45087160584397895,0.9622750940302222,Increases risk
C003920,2,recency_days,1809.0,0.1125108481949103,0.45087160584397895,0.9622750940302222,Increases risk
C003920,3,frequency_12m,0.0,0.023015476296113335,0.45087160584397895,0.9622750940302222,Increases risk
C003920,4,email_open_rate_12m,0.25,0.017574757238969563,0.45087160584397895,0.9622750940302222,Increases risk
C003920,5,monetary_12m,0.0,0.014066495397940332,0.45087160584397895,0.9622750940302222,Increases risk
C005961,1,sessions_90d,2.0,0.29935564441684326,0.45087160584397895,0.9622431832800133,Increases risk
C005961,2,recency_days,1809.0,0.1101032187751318,0.45087160584397895,0.9622431832800133,Increases risk
C005961,3,frequency_12m,0.0,0.020958729308027335,0.45087160584397895,0.9622431832800133,Increases risk
C005961,4,category_diversity_12m,0.0,0.017590073219708735,0.45087160584397895,0.9622431832800133,Increases risk
C005961,5,support_tickets_12m,2.0,0.012192571736800162,0.45087160584397895,0.9622431832800133,Increases risk
C000918,1,sessions_90d,5.0,0.2194630588673683,0.45087160584397895,0.9604014992948787,Increases risk
C000918,2,recency_days,1793.0,0.1035479875621991,0.45087160584397895,0.9604014992948787,Increases risk
C000918,3,days_since_last_session,31.0,0.07197743573567555,0.45087160584397895,0.9604014992948787,Increases risk
C000918,4,monetary_12m,0.0,0.019894030046344213,0.45087160584397895,0.9604014992948787,Increases risk
C000918,5,gross_margin_12m,0.0,0.018272580467679655,0.45087160584397895,0.9604014992948787,Increases risk
C003520,1,sessions_90d,2.0,0.3262809828264587,0.45087160584397895,0.9615550935109872,Increases risk
C003520,2,recency_days,1791.0,0.11581456916720806,0.45087160584397895,0.9615550935109872,Increases risk
C003520,3,email_open_rate_12m,0.03225806451612903,0.01704102691260695,0.45087160584397895,0.9615550935109872,Increases risk
C003520,4,monetary_12m,0.0,0.011535575337059956,0.45087160584397895,0.9615550935109872,Increases risk
C003520,5,frequency_12m,0.0,0.011367558974577113,0.45087160584397895,0.9615550935109872,Increases risk
C005710,1,sessions_90d,1.0,0.27227671068274256,0.45087160584397895,0.9636185173194093,Increases risk
C005710,2,recency_days,1784.0,0.07904636077841024,0.45087160584397895,0.9636185173194093,Increases risk
C005710,3,days_since_last_session,31.0,0.07278496976789922,0.45087160584397895,0.9636185173194093,Increases risk
C005710,4,monetary_12m,0.0,0.019872206795807534,0.45087160584397895,0.9636185173194093,Increases risk
C005710,5,gross_margin_12m,0.0,0.012113845577355009,0.45087160584397895,0.9636185173194093,Increases risk
C002855,1,sessions_90d,2.0,0.25623540002095146,0.45087160584397895,0.9636700287913734,Increases risk
C002855,2,days_since_last_session,61.0,0.08124578191179732,0.45087160584397895,0.9636700287913734,Increases risk
C002855,3,recency_days,1783.0,0.08067467494574529,0.45087160584397895,0.9636700287913734,Increases risk
C002855,4,monetary_12m,0.0,0.01594771018272234,0.45087160584397895,0.9636700287913734,Increases risk
C002855,5,email_open_rate_12m,0.21875,0.015607123486070684,0.45087160584397895,0.9636700287913734,Increases risk
C000663,1,sessions_90d,7.0,0.19420673989763895,0.45087160584397895,0.9389054216931796,Increases risk
C000663,2,recency_days,1775.0,0.18602586291032347,0.45087160584397895,0.9389054216931796,Increases risk
C000663,3,frequency_12m,0.0,0.0228434364643067,0.45087160584397895,0.9389054216931796,Increases risk
C000663,4,gross_margin_12m,0.0,0.02167801277328224,0.45087160584397895,0.9389054216931796,Increases risk
C000663,5,category_diversity_12m,0.0,0.020460336119015654,0.45087160584397895,0.9389054216931796,Increases risk
C002082,1,sessions_90d,1.0,0.26624482485770945,0.45087160584397895,0.9638343057514399,Increases risk
C002082,2,recency_days,1762.0,0.0792287742777571,0.45087160584397895,0.9638343057514399,Increases risk
C002082,3,days_since_last_session,31.0,0.07799020483060415,0.45087160584397895,0.9638343057514399,Increases risk
C002082,4,monetary_12m,0.0,0.017282220617998334,0.45087160584397895,0.9638343057514399,Increases risk
C002082,5,frequency_12m,0.0,0.013288044185765346,0.45087160584397895,0.9638343057514399,Increases risk
C000041,1,sessions_90d,1.0,0.2699532358305201,0.45087160584397895,0.9638440911441103,Increases risk
C000041,2,days_since_last_session,61.0,0.07880406177969415,0.45087160584397895,0.9638440911441103,Increases risk
C000041,3,recency_days,1758.0,0.07876148345085843,0.45087160584397895,0.9638440911441103,Increases risk
C000041,4,monetary_12m,0.0,0.01694407913402557,0.45087160584397895,0.9638440911441103,Increases risk
C000041,5,gross_margin_12m,0.0,0.011784187277692038,0.45087160584397895,0.9638440911441103,Increases risk
C002022,1,sessions_90d,2.0,0.28930485869008876,0.45087160584397895,0.9601463258721625,Increases risk
C002022,2,recency_days,1755.0,0.09545630268049407,0.45087160584397895,0.9601463258721625,Increases risk
C002022,3,frequency_12m,0.0,0.025462462739646197,0.45087160584397895,0.9601463258721625,Increases risk
C002022,4,email_open_rate_12m,0.14285714285714285,0.02041074983239266,0.45087160584397895,0.9601463258721625,Increases risk
C002022,5,tenure_days,1390.0,0.015568979843123387,0.45087160584397895,0.9601463258721625,Increases risk
C000454,1,sessions_90d,2.0,0.2668954173982926,0.45087160584397895,0.9632361670513112,Increases risk
C000454,2,recency_days,1754.0,0.0982254093272441,0.45087160584397895,0.9632361670513112,Increases risk
C000454,3,days_since_last_session,31.0,0.06912169646177496,0.45087160584397895,0.9632361670513112,Increases risk
C000454,4,frequency_12m,0.0,0.015040809342793837,0.45087160584397895,0.9632361670513112,Increases risk
C000454,5,email_open_rate_12m,0.3,0.011528643540596378,0.45087160584397895,0.9632361670513112,Increases risk
C003864,1,sessions_90d,2.0,0.25213319603337747,0.45087160584397895,0.9636821207097567,Increases risk
C003864,2,recency_days,1753.0,0.08315216834530781,0.45087160584397895,0.9636821207097567,Increases risk
C003864,3,days_since_last_session,31.0,0.07563261186244302,0.45087160584397895,0.9636821207097567,Increases risk
C003864,4,monetary_12m,0.0,0.023065452658029117,0.45087160584397895,0.9636821207097567,Increases risk
C003864,5,frequency_12m,0.0,0.01572670900279627,0.45087160584397895,0.9636821207097567,Increases risk
C001449,1,sessions_90d,0.0,0.24974306695826667,0.45087160584397895,0.964023930796654,Increases risk
C001449,2,recency_days,1749.0,0.09667626912940824,0.45087160584397895,0.964023930796654,Increases risk
C001449,3,days_since_last_session,122.0,0.07461777899831479,0.45087160584397895,0.964023930796654,Increases risk
C001449,4,monetary_12m,0.0,0.01970720410613841,0.45087160584397895,0.964023930796654,Increases risk
C001449,5,category_diversity_12m,0.0,0.013808909444589346,0.45087160584397895,0.964023930796654,Increases risk
C004160,1,sessions_90d,2.0,0.3257265815174977,0.45087160584397895,0.96103790755773,Increases risk
C004160,2,recency_days,1746.0,0.08813004166260524,0.45087160584397895,0.96103790755773,Increases risk
C004160,3,monetary_12m,0.0,0.016780814220500373,0.45087160584397895,0.96103790755773,Increases risk
C004160,4,tenure_days,1381.0,0.01628049772077167,0.45087160584397895,0.96103790755773,Increases risk
C004160,5,email_open_rate_12m,0.22580645161290322,0.01620333009226571,0.45087160584397895,0.96103790755773,Increases risk
C002015,1,sessions_90d,0.0,0.26529041077981563,0.45087160584397895,0.9633062933958191,Increases risk
C002015,2,recency_days,1745.0,0.08267416110641934,0.45087160584397895,0.9633062933958191,Increases risk
C002015,3,days_since_last_session,122.0,0.08249202826915458,0.45087160584397895,0.9633062933958191,Increases risk
C002015,4,frequency_12m,0.0,0.02023482904367241,0.45087160584397895,0.9633062933958191,Increases risk
C002015,5,email_open_rate_12m,0.058823529411764705,0.011583813925239744,0.45087160584397895,0.9633062933958191,Increases risk
C002639,1,sessions_90d,0.0,0.2515654518672419,0.45087160584397895,0.9641536961835807,Increases risk
C002639,2,recency_days,1728.0,0.09328117190818708,0.45087160584397895,0.9641536961835807,Increases risk
C002639,3,days_since_last_session,92.0,0.07452747602372584,0.45087160584397895,0.9641536961835807,Increases risk
C002639,4,gross_margin_12m,0.0,0.015507548486501488,0.45087160584397895,0.9641536961835807,Increases risk
C002639,5,loyalty_tier_score,1.0,0.013592849219017294,0.45087160584397895,0.9641536961835807,Increases risk
C002601,1,sessions_90d,3.0,0.2616141639833748,0.45087160584397895,0.9629910252605284,Increases risk
C002601,2,recency_days,1725.0,0.09603581394160704,0.45087160584397895,0.9629910252605284,Increases risk
C002601,3,days_since_last_session,31.0,0.07700393449962561,0.45087160584397895,0.9629910252605284,Increases risk
C002601,4,monetary_12m,0.0,0.01362080137724564,0.45087160584397895,0.9629910252605284,Increases risk
C002601,5,gross_margin_12m,0.0,0.012729031410651737,0.45087160584397895,0.9629910252605284,Increases risk
C005535,1,sessions_90d,1.0,0.26244874697259396,0.45087160584397895,0.9636713378694992,Increases risk
C005535,2,recency_days,1725.0,0.09458481428148557,0.45087160584397895,0.9636713378694992,Increases risk
C005535,3,days_since_last_session,31.0,0.07064222076482174,0.45087160584397895,0.9636713378694992,Increases risk
C005535,4,email_open_rate_12m,0.22857142857142856,0.02096030233045898,0.45087160584397895,0.9636713378694992,Increases risk
C005535,5,monetary_12m,0.0,0.015196341716923079,0.45087160584397895,0.9636713378694992,Increases risk
C005093,1,sessions_90d,3.0,0.29866503502194186,0.45087160584397895,0.9556590277121617,Increases risk
C005093,2,recency_days,1724.0,0.11844273341062572,0.45087160584397895,0.9556590277121617,Increases risk
C005093,3,category_diversity_12m,0.0,0.02029122646372078,0.45087160584397895,0.9556590277121617,Increases risk
C005093,4,frequency_12m,0.0,0.015329670976427762,0.45087160584397895,0.9556590277121617,Increases risk
C005093,5,email_open_rate_12m,0.0,0.01192232432148188,0.45087160584397895,0.9556590277121617,Increases risk
C001625,1,sessions_90d,5.0,0.29480148240383797,0.45087160584397895,0.9604330351521645,Increases risk
C001625,2,recency_days,1722.0,0.10589195567132706,0.45087160584397895,0.9604330351521645,Increases risk
C001625,3,frequency_12m,0.0,0.025759722235705385,0.45087160584397895,0.9604330351521645,Increases risk
C001625,4,monetary_12m,0.0,0.015055369609589475,0.45087160584397895,0.9604330351521645,Increases risk
C001625,5,email_open_rate_12m,0.29411764705882354,0.012640842419707976,0.45087160584397895,0.9604330351521645,Increases risk
C005532,1,sessions_90d,1.0,0.3309426576766851,0.45087160584397895,0.962171796091917,Increases risk
C005532,2,recency_days,1721.0,0.09899362496192196,0.45087160584397895,0.962171796091917,Increases risk
C005532,3,tenure_days,1356.0,0.01357379010617682,0.45087160584397895,0.962171796091917,Increases risk
C005532,4,gross_margin_12m,0.0,0.013009546311540832,0.45087160584397895,0.962171796091917,Increases risk
C005532,5,loyalty_tier_score,1.0,0.012272504353403824,0.45087160584397895,0.962171796091917,Increases risk
C002844,1,sessions_90d,2.0,0.25871745994686135,0.45087160584397895,0.9633579892149385,Increases risk
C002844,2,days_since_last_session,61.0,0.08888268322988668,0.45087160584397895,0.9633579892149385,Increases risk
C002844,3,recency_days,1715.0,0.07415707304853206,0.45087160584397895,0.9633579892149385,Increases risk
C002844,4,frequency_12m,0.0,0.017965031302082324,0.45087160584397895,0.9633579892149385,Increases risk
C002844,5,gross_margin_12m,0.0,0.014341222325612135,0.45087160584397895,0.9633579892149385,Increases risk
C005164,1,sessions_90d,1.0,0.25297725684638256,0.45087160584397895,0.9642235083166062,Increases risk
C005164,2,days_since_last_session,61.0,0.09330940544261224,0.45087160584397895,0.9642235083166062,Increases risk
C005164,3,recency_days,1712.0,0.08056757369227754,0.45087160584397895,0.9642235083166062,Increases risk
C005164,4,monetary_12m,0.0,0.015417725483253042,0.45087160584397895,0.9642235083166062,Increases risk
C005164,5,email_open_rate_12m,0.23684210526315788,0.013080186226454737,0.45087160584397895,0.9642235083166062,Increases risk
C002696,1,sessions_90d,2.0,0.25539398500931654,0.45087160584397895,0.9617506616727156,Increases risk
C002696,2,recency_days,1705.0,0.10508725873526076,0.45087160584397895,0.9617506616727156,Increases risk
C002696,3,days_since_last_session,61.0,0.08239420827148208,0.45087160584397895,0.9617506616727156,Increases risk
C002696,4,gross_margin_12m,0.0,0.015300288969865794,0.45087160584397895,0.9617506616727156,Increases risk
C002696,5,tenure_days,1340.0,0.014527897877268103,0.45087160584397895,0.9617506616727156,Increases risk
C003382,1,sessions_90d,5.0,0.3089670579425925,0.45087160584397895,0.9597886498140924,Increases risk
C003382,2,recency_days,1702.0,0.1062912148354572,0.45087160584397895,0.9597886498140924,Increases risk
C003382,3,tenure_days,1337.0,0.018563360728260314,0.45087160584397895,0.9597886498140924,Increases risk
C003382,4,frequency_12m,0.0,0.01601561662894113,0.45087160584397895,0.9597886498140924,Increases risk
C003382,5,category_diversity_12m,0.0,0.014224211897131578,0.45087160584397895,0.9597886498140924,Increases risk
C001289,1,sessions_90d,2.0,0.31891943826364944,0.45087160584397895,0.9621725004172704,Increases risk
C001289,2,recency_days,1695.0,0.10760512527090316,0.45087160584397895,0.9621725004172704,Increases risk
C001289,3,category_diversity_12m,0.0,0.014454041930514638,0.45087160584397895,0.9621725004172704,Increases risk
C001289,4,email_open_rate_12m,0.225,0.013982155782289563,0.45087160584397895,0.9621725004172704,Increases risk
C001289,5,frequency_12m,0.0,0.01272666458165303,0.45087160584397895,0.9621725004172704,Increases risk
C005174,1,sessions_90d,1.0,0.30144701884207625,0.45087160584397895,0.961922730116565,Increases risk
C005174,2,recency_days,1691.0,0.1281184719499458,0.45087160584397895,0.961922730116565,Increases risk
C005174,3,frequency_12m,0.0,0.01783260501278186,0.45087160584397895,0.961922730116565,Increases risk
C005174,4,monetary_12m,0.0,0.013382426177261264,0.45087160584397895,0.961922730116565,Increases risk
C005174,5,category_diversity_12m,0.0,0.01337941866238801,0.45087160584397895,0.961922730116565,Increases risk
C002563,1,sessions_90d,3.0,0.27917377267031396,0.45087160584397895,0.9593210966741021,Increases risk
C002563,2,recency_days,1690.0,0.07757173874074905,0.45087160584397895,0.9593210966741021,Increases risk
C002563,3,days_since_last_session,31.0,0.07254042456782336,0.45087160584397895,0.9593210966741021,Increases risk
C002563,4,monetary_12m,0.0,0.015358299018821853,0.45087160584397895,0.9593210966741021,Increases risk
C002563,5,gross_margin_12m,0.0,0.01471185509126205,0.45087160584397895,0.9593210966741021,Increases risk
C001086,1,sessions_90d,0.0,0.2676920692508557,0.45087160584397895,0.9639611694355518,Increases risk
C001086,2,days_since_last_session,92.0,0.08141091440375373,0.45087160584397895,0.9639611694355518,Increases risk
C001086,3,recency_days,1688.0,0.07777330324855161,0.45087160584397895,0.9639611694355518,Increases risk
C001086,4,monetary_12m,0.0,0.019335702913623964,0.45087160584397895,0.9639611694355518,Increases risk
C001086,5,frequency_12m,0.0,0.0170495806004477,0.45087160584397895,0.9639611694355518,Increases risk
C004309,1,sessions_90d,2.0,0.3007850701378382,0.45087160584397895,0.9615440919472507,Increases risk
C004309,2,recency_days,1684.0,0.1205006211295912,0.45087160584397895,0.9615440919472507,Increases risk
C004309,3,category_diversity_12m,0.0,0.021149780464710388,0.45087160584397895,0.9615440919472507,Increases risk
C004309,4,email_open_rate_12m,0.25806451612903225,0.015422014375679943,0.45087160584397895,0.9615440919472507,Increases risk
C004309,5,frequency_12m,0.0,0.013907861400319715,0.45087160584397895,0.9615440919472507,Increases risk
C004066,1,sessions_90d,2.0,0.2577797089797197,0.45087160584397895,0.9633415646886699,Increases risk
C004066,2,recency_days,1682.0,0.07520379294368154,0.45087160584397895,0.9633415646886699,Increases risk
C004066,3,days_since_last_session,31.0,0.07118755235205096,0.45087160584397895,0.9633415646886699,Increases risk
C004066,4,frequency_12m,0.0,0.020540358942958914,0.45087160584397895,0.9633415646886699,Increases risk
C004066,5,email_open_rate_12m,0.21428571428571427,0.01634134518854835,0.45087160584397895,0.9633415646886699,Increases risk
C004481,1,sessions_90d,1.0,0.25568694953116955,0.45087160584397895,0.9639817004418804,Increases risk
C004481,2,days_since_last_session,61.0,0.08489451102035739,0.45087160584397895,0.9639817004418804,Increases risk
C004481,3,recency_days,1682.0,0.07882759844311102,0.45087160584397895,0.9639817004418804,Increases risk
C004481,4,gross_margin_12m,0.0,0.015040624511921064,0.45087160584397895,0.9639817004418804,Increases risk
C004481,5,frequency_12m,0.0,0.010781339363168524,0.45087160584397895,0.9639817004418804,Increases risk
C004430,1,sessions_90d,1.0,0.25440094429516424,0.45087160584397895,0.96391578757475,Increases risk
C004430,2,recency_days,1672.0,0.09088452945002223,0.45087160584397895,0.96391578757475,Increases risk
C004430,3,days_since_last_session,31.0,0.08153760718486391,0.45087160584397895,0.96391578757475,Increases risk
C004430,4,frequency_12m,0.0,0.013553665534141779,0.45087160584397895,0.96391578757475,Increases risk
C004430,5,monetary_12m,0.0,0.01253396110227789,0.45087160584397895,0.96391578757475,Increases risk
C004404,1,sessions_90d,2.0,0.32084745990097835,0.45087160584397895,0.9627931699697759,Increases risk
C004404,2,recency_days,1670.0,0.09194034270451543,0.45087160584397895,0.9627931699697759,Increases risk
C004404,3,frequency_12m,0.0,0.024541884756150323,0.45087160584397895,0.9627931699697759,Increases risk
C004404,4,email_open_rate_12m,0.3,0.01637236805690373,0.45087160584397895,0.9627931699697759,Increases risk
C004404,5,category_diversity_12m,0.0,0.015593191621074087,0.45087160584397895,0.9627931699697759,Increases risk
C005998,1,sessions_90d,1.0,0.25848596857853445,0.45087160584397895,0.96354348591248,Increases risk
C005998,2,recency_days,1655.0,0.09473815273510622,0.45087160584397895,0.96354348591248,Increases risk
C005998,3,days_since_last_session,61.0,0.0774936566595158,0.45087160584397895,0.96354348591248,Increases risk
C005998,4,avg_order_value_12m,0.0,0.01428143081299238,0.45087160584397895,0.96354348591248,Increases risk
C005998,5,frequency_12m,0.0,0.013891647823651182,0.45087160584397895,0.96354348591248,Increases risk
C005718,1,sessions_90d,2.0,0.2666303057596462,0.45087160584397895,0.9637583319456177,Increases risk
C005718,2,recency_days,1654.0,0.09048833852628246,0.45087160584397895,0.9637583319456177,Increases risk
C005718,3,days_since_last_session,31.0,0.07174354884005249,0.45087160584397895,0.9637583319456177,Increases risk
C005718,4,gross_margin_12m,0.0,0.01611565393366804,0.45087160584397895,0.9637583319456177,Increases risk
C005718,5,frequency_12m,0.0,0.013439056656052162,0.45087160584397895,0.9637583319456177,Increases risk
C000416,1,sessions_90d,0.0,0.2680626522790866,0.45087160584397895,0.9635080910140627,Increases risk
C000416,2,days_since_last_session,122.0,0.08463781949982896,0.45087160584397895,0.9635080910140627,Increases risk
C000416,3,recency_days,1643.0,0.07569888325047686,0.45087160584397895,0.9635080910140627,Increases risk
C000416,4,frequency_12m,0.0,0.017130501973428303,0.45087160584397895,0.9635080910140627,Increases risk
C000416,5,loyalty_tier_score,1.0,0.013238534107230082,0.45087160584397895,0.9635080910140627,Increases risk
C000150,1,sessions_90d,2.0,0.31946559767082305,0.45087160584397895,0.9589946065622059,Increases risk
C000150,2,recency_days,1633.0,0.08922944504071603,0.45087160584397895,0.9589946065622059,Increases risk
C000150,3,email_open_rate_12m,0.2564102564102564,0.014906532477479112,0.45087160584397895,0.9589946065622059,Increases risk
C000150,4,gross_margin_12m,0.0,0.014243761189556448,0.45087160584397895,0.9589946065622059,Increases risk
C000150,5,frequency_12m,0.0,0.012997789751708677,0.45087160584397895,0.9589946065622059,Increases risk
C002202,1,sessions_90d,1.0,0.2620871861847397,0.45087160584397895,0.963920124963893,Increases risk
C002202,2,days_since_last_session,61.0,0.08858417302903554,0.45087160584397895,0.963920124963893,Increases risk
C002202,3,recency_days,1633.0,0.08005554367877143,0.45087160584397895,0.963920124963893,Increases risk
C002202,4,frequency_12m,0.0,0.011906979410078594,0.45087160584397895,0.963920124963893,Increases risk
C002202,5,monetary_12m,0.0,0.010950232222818157,0.45087160584397895,0.963920124963893,Increases risk
C005705,1,sessions_90d,4.0,0.31908857681988445,0.45087160584397895,0.9601611569231662,Increases risk
C005705,2,recency_days,1632.0,0.10508087495418952,0.45087160584397895,0.9601611569231662,Increases risk
C005705,3,frequency_12m,0.0,0.02253835733799986,0.45087160584397895,0.9601611569231662,Increases risk
C005705,4,gross_margin_12m,0.0,0.012258806225315139,0.45087160584397895,0.9601611569231662,Increases risk
C005705,5,category_diversity_12m,0.0,0.011389100968374255,0.45087160584397895,0.9601611569231662,Increases risk
C002956,1,sessions_90d,3.0,0.3245346954931446,0.45087160584397895,0.9606612842039574,Increases risk
C002956,2,recency_days,1624.0,0.09078679568855771,0.45087160584397895,0.9606612842039574,Increases risk
C002956,3,frequency_12m,0.0,0.0183375980635051,0.45087160584397895,0.9606612842039574,Increases risk
C002956,4,email_open_rate_12m,0.1794871794871795,0.014011036218801204,0.45087160584397895,0.9606612842039574,Increases risk
C002956,5,category_diversity_12m,0.0,0.013848442969397912,0.45087160584397895,0.9606612842039574,Increases risk
C005020,1,sessions_90d,0.0,0.2718788533552349,0.45087160584397895,0.9636620987682601,Increases risk
C005020,2,recency_days,1612.0,0.08465249046719886,0.45087160584397895,0.9636620987682601,Increases risk
C005020,3,days_since_last_session,184.0,0.07841799591081874,0.45087160584397895,0.9636620987682601,Increases risk
C005020,4,email_open_rate_12m,0.1388888888888889,0.013393786101228211,0.45087160584397895,0.9636620987682601,Increases risk
C005020,5,monetary_12m,0.0,0.012355201510265673,0.45087160584397895,0.9636620987682601,Increases risk
C003090,1,sessions_90d,6.0,0.2526614026183917,0.45087160584397895,0.9545664514437503,Increases risk
C003090,2,recency_days,1603.0,0.15802396190009926,0.45087160584397895,0.9545664514437503,Increases risk
C003090,3,monetary_12m,0.0,0.016763039658952872,0.45087160584397895,0.9545664514437503,Increases risk
C003090,4,discount_rate_12m,0.0,0.016710402414262082,0.45087160584397895,0.9545664514437503,Increases risk
C003090,5,frequency_12m,0.0,0.01661275778622104,0.45087160584397895,0.9545664514437503,Increases risk
C002385,1,sessions_90d,1.0,0.2502394387629482,0.45087160584397895,0.9636832973592058,Increases risk
C002385,2,recency_days,1602.0,0.07694084099840956,0.45087160584397895,0.9636832973592058,Increases risk
C002385,3,days_since_last_session,31.0,0.07017150562934346,0.45087160584397895,0.9636832973592058,Increases risk
C002385,4,frequency_12m,0.0,0.02386851095669079,0.45087160584397895,0.9636832973592058,Increases risk
C002385,5,monetary_12m,0.0,0.016297350994810167,0.45087160584397895,0.9636832973592058,Increases risk
C001834,1,sessions_90d,0.0,0.26072744376664636,0.45087160584397895,0.9640271023983722,Increases risk
C001834,2,recency_days,1601.0,0.08432855359372882,0.45087160584397895,0.9640271023983722,Increases risk
C001834,3,days_since_last_session,153.0,0.07883734217505958,0.45087160584397895,0.9640271023983722,Increases risk
C001834,4,monetary_12m,0.0,0.016136066683849926,0.45087160584397895,0.9640271023983722,Increases risk
C001834,5,gross_margin_12m,0.0,0.015446743999281032,0.45087160584397895,0.9640271023983722,Increases risk
C001401,1,sessions_90d,5.0,0.27848336281878183,0.45087160584397895,0.9602546986510504,Increases risk
C001401,2,recency_days,1600.0,0.12036273911073386,0.45087160584397895,0.9602546986510504,Increases risk
C001401,3,gross_margin_12m,0.0,0.01929114655559444,0.45087160584397895,0.9602546986510504,Increases risk
C001401,4,monetary_12m,0.0,0.0176233850976224,0.45087160584397895,0.9602546986510504,Increases risk
C001401,5,frequency_12m,0.0,0.01616149848229506,0.45087160584397895,0.9602546986510504,Increases risk
C000929,1,sessions_90d,1.0,0.32853418419922287,0.45087160584397895,0.9623388437601936,Increases risk
C000929,2,recency_days,1599.0,0.09761633477647705,0.45087160584397895,0.9623388437601936,Increases risk
C000929,3,frequency_12m,0.0,0.018696672009151205,0.45087160584397895,0.9623388437601936,Increases risk
C000929,4,category_diversity_12m,0.0,0.014767701499531827,0.45087160584397895,0.9623388437601936,Increases risk
C000929,5,email_open_rate_12m,0.3,0.011685332577497959,0.45087160584397895,0.9623388437601936,Increases risk
C002000,1,sessions_90d,1.0,0.2731207175668138,0.45087160584397895,0.9621923280506395,Increases risk
C002000,2,recency_days,1598.0,0.10386092355004106,0.45087160584397895,0.9621923280506395,Increases risk
C002000,3,days_since_last_session,31.0,0.07118433131747065,0.45087160584397895,0.9621923280506395,Increases risk
C002000,4,gross_margin_12m,0.0,0.013006457549354256,0.45087160584397895,0.9621923280506395,Increases risk
C002000,5,avg_order_value_12m,0.0,0.011647175348902916,0.45087160584397895,0.9621923280506395,Increases risk
C001885,1,sessions_90d,1.0,0.26772576359073624,0.45087160584397895,0.963894192039735,Increases risk
C001885,2,recency_days,1597.0,0.08260074428829184,0.45087160584397895,0.963894192039735,Increases risk
C001885,3,days_since_last_session,31.0,0.07226179908851096,0.45087160584397895,0.963894192039735,Increases risk
C001885,4,frequency_12m,0.0,0.013268573358472535,0.45087160584397895,0.963894192039735,Increases risk
C001885,5,monetary_12m,0.0,0.012286288535110018,0.45087160584397895,0.963894192039735,Increases risk
C004693,1,sessions_90d,2.0,0.323685386646729,0.45087160584397895,0.9612125998478905,Increases risk
C004693,2,recency_days,1597.0,0.08959376608033376,0.45087160584397895,0.9612125998478905,Increases risk
C004693,3,monetary_12m,0.0,0.01505550311643633,0.45087160584397895,0.9612125998478905,Increases risk
C004693,4,gross_margin_12m,0.0,0.01470818124858525,0.45087160584397895,0.9612125998478905,Increases risk
C004693,5,email_open_rate_12m,0.1935483870967742,0.014622333749002181,0.45087160584397895,0.9612125998478905,Increases risk
C001030,1,sessions_90d,1.0,0.25317445310018827,0.45087160584397895,0.96391578757475,Increases risk
C001030,2,recency_days,1595.0,0.10234488707689193,0.45087160584397895,0.96391578757475,Increases risk
C001030,3,days_since_last_session,31.0,0.07388817457525354,0.45087160584397895,0.96391578757475,Increases risk
C001030,4,monetary_12m,0.0,0.013715806017257637,0.45087160584397895,0.96391578757475,Increases risk
C001030,5,frequency_12m,0.0,0.012537128274081821,0.45087160584397895,0.96391578757475,Increases risk
C002802,1,sessions_90d,2.0,0.26745966412043126,0.45087160584397895,0.963337900263391,Increases risk
C002802,2,recency_days,1595.0,0.08519923286626219,0.45087160584397895,0.963337900263391,Increases risk
C002802,3,days_since_last_session,61.0,0.0767462185320382,0.45087160584397895,0.963337900263391,Increases risk
C002802,4,frequency_12m,0.0,0.0151919790452133,0.45087160584397895,0.963337900263391,Increases risk
C002802,5,gross_margin_12m,0.0,0.012287237451475808,0.45087160584397895,0.963337900263391,Increases risk
C002357,1,sessions_90d,2.0,0.3212548007501986,0.45087160584397895,0.9616434102044749,Increases risk
C002357,2,recency_days,1582.0,0.09047128860469042,0.45087160584397895,0.9616434102044749,Increases risk
C002357,3,email_open_rate_12m,0.29545454545454547,0.021954720892136237,0.45087160584397895,0.9616434102044749,Increases risk
C002357,4,tenure_days,1217.0,0.015480860453735257,0.45087160584397895,0.9616434102044749,Increases risk
C002357,5,category_diversity_12m,0.0,0.013874398433703528,0.45087160584397895,0.9616434102044749,Increases risk
C004103,1,sessions_90d,4.0,0.3023516629832892,0.45087160584397895,0.9619886025003126,Increases risk
C004103,2,recency_days,1576.0,0.09292955355447033,0.45087160584397895,0.9619886025003126,Increases risk
C004103,3,frequency_12m,0.0,0.02517663076070875,0.45087160584397895,0.9619886025003126,Increases risk
C004103,4,tenure_days,1211.0,0.019361947053987194,0.45087160584397895,0.9619886025003126,Increases risk
C004103,5,gross_margin_12m,0.0,0.019214132097528258,0.45087160584397895,0.9619886025003126,Increases risk
