feature,mean_abs_shap,mean_shap,importance_share
sessions_90d,0.28065312595369163,0.28065312595369163,0.5379393860499118
recency_days,0.09599109313602232,0.09599109313602232,0.18399007505219103
days_since_last_session,0.04483939266842142,0.04079379442727608,0.08594550757607286
frequency_12m,0.015760997280645797,0.015760997280645797,0.030209751528240215
monetary_12m,0.013247145852271837,0.013247145852271837,0.02539134913416421
email_open_rate_12m,0.011608179661781005,0.011075250897770653,0.022249875247945403
category_diversity_12m,0.011507896272858753,0.011507896272858753,0.022057657953074645
gross_margin_12m,0.01137404568950721,0.01137404568950721,0.02180110103646851
tenure_days,0.009373308286494585,0.009373308286494585,0.0179662053923655
avg_order_value_12m,0.008530240262862665,0.008530240262862665,0.016350262247282914
loyalty_tier_score,0.007332686102579078,0.005797469593104939,0.014054860948774778
support_tickets_12m,0.004491414601590605,0.003406233560444126,0.00860887903908087
discount_rate_12m,0.003526485701340944,0.003252196836476745,0.00675936014126618
online_order_share_12m,0.0017387153957634904,0.0011064927895314011,0.003332667289324516
return_rate_12m,0.001242664655045403,-0.001154584086137958,0.002381866438613443
consent_flag,0.0005014735254758267,0.0002685109532958284,0.0009611949252233249
