date,year,quarter,month_number,month_name,year_month,month_start,week_of_year,day_of_week,is_weekend
2022-01-01,2022,Q1,1,January,2022-01,2022-01-01,52,Saturday,1
2022-01-02,2022,Q1,1,January,2022-01,2022-01-01,52,Sunday,1
2022-01-03,2022,Q1,1,January,2022-01,2022-01-01,1,Monday,0
2022-01-04,2022,Q1,1,January,2022-01,2022-01-01,1,Tuesday,0
2022-01-05,2022,Q1,1,January,2022-01,2022-01-01,1,Wednesday,0
2022-01-06,2022,Q1,1,January,2022-01,2022-01-01,1,Thursday,0
2022-01-07,2022,Q1,1,January,2022-01,2022-01-01,1,Friday,0
2022-01-08,2022,Q1,1,January,2022-01,2022-01-01,1,Saturday,1
2022-01-09,2022,Q1,1,January,2022-01,2022-01-01,1,Sunday,1
2022-01-10,2022,Q1,1,January,2022-01,2022-01-01,2,Monday,0
2022-01-11,2022,Q1,1,January,2022-01,2022-01-01,2,Tuesday,0
2022-01-12,2022,Q1,1,January,2022-01,2022-01-01,2,Wednesday,0
2022-01-13,2022,Q1,1,January,2022-01,2022-01-01,2,Thursday,0
2022-01-14,2022,Q1,1,January,2022-01,2022-01-01,2,Friday,0
2022-01-15,2022,Q1,1,January,2022-01,2022-01-01,2,Saturday,1
2022-01-16,2022,Q1,1,January,2022-01,2022-01-01,2,Sunday,1
2022-01-17,2022,Q1,1,January,2022-01,2022-01-01,3,Monday,0
2022-01-18,2022,Q1,1,January,2022-01,2022-01-01,3,Tuesday,0
2022-01-19,2022,Q1,1,January,2022-01,2022-01-01,3,Wednesday,0
2022-01-20,2022,Q1,1,January,2022-01,2022-01-01,3,Thursday,0
2022-01-21,2022,Q1,1,January,2022-01,2022-01-01,3,Friday,0
2022-01-22,2022,Q1,1,January,2022-01,2022-01-01,3,Saturday,1
2022-01-23,2022,Q1,1,January,2022-01,2022-01-01,3,Sunday,1
2022-01-24,2022,Q1,1,January,2022-01,2022-01-01,4,Monday,0
2022-01-25,2022,Q1,1,January,2022-01,2022-01-01,4,Tuesday,0
2022-01-26,2022,Q1,1,January,2022-01,2022-01-01,4,Wednesday,0
2022-01-27,2022,Q1,1,January,2022-01,2022-01-01,4,Thursday,0
2022-01-28,2022,Q1,1,January,2022-01,2022-01-01,4,Friday,0
2022-01-29,2022,Q1,1,January,2022-01,2022-01-01,4,Saturday,1
2022-01-30,2022,Q1,1,January,2022-01,2022-01-01,4,Sunday,1
2022-01-31,2022,Q1,1,January,2022-01,2022-01-01,5,Monday,0
2022-02-01,2022,Q1,2,February,2022-02,2022-02-01,5,Tuesday,0
2022-02-02,2022,Q1,2,February,2022-02,2022-02-01,5,Wednesday,0
2022-02-03,2022,Q1,2,February,2022-02,2022-02-01,5,Thursday,0
2022-02-04,2022,Q1,2,February,2022-02,2022-02-01,5,Friday,0
2022-02-05,2022,Q1,2,February,2022-02,2022-02-01,5,Saturday,1
2022-02-06,2022,Q1,2,February,2022-02,2022-02-01,5,Sunday,1
2022-02-07,2022,Q1,2,February,2022-02,2022-02-01,6,Monday,0
2022-02-08,2022,Q1,2,February,2022-02,2022-02-01,6,Tuesday,0
2022-02-09,2022,Q1,2,February,2022-02,2022-02-01,6,Wednesday,0
2022-02-10,2022,Q1,2,February,2022-02,2022-02-01,6,Thursday,0
2022-02-11,2022,Q1,2,February,2022-02,2022-02-01,6,Friday,0
2022-02-12,2022,Q1,2,February,2022-02,2022-02-01,6,Saturday,1
2022-02-13,2022,Q1,2,February,2022-02,2022-02-01,6,Sunday,1
2022-02-14,2022,Q1,2,February,2022-02,2022-02-01,7,Monday,0
2022-02-15,2022,Q1,2,February,2022-02,2022-02-01,7,Tuesday,0
2022-02-16,2022,Q1,2,February,2022-02,2022-02-01,7,Wednesday,0
2022-02-17,2022,Q1,2,February,2022-02,2022-02-01,7,Thursday,0
2022-02-18,2022,Q1,2,February,2022-02,2022-02-01,7,Friday,0
2022-02-19,2022,Q1,2,February,2022-02,2022-02-01,7,Saturday,1
2022-02-20,2022,Q1,2,February,2022-02,2022-02-01,7,Sunday,1
2022-02-21,2022,Q1,2,February,2022-02,2022-02-01,8,Monday,0
2022-02-22,2022,Q1,2,February,2022-02,2022-02-01,8,Tuesday,0
2022-02-23,2022,Q1,2,February,2022-02,2022-02-01,8,Wednesday,0
2022-02-24,2022,Q1,2,February,2022-02,2022-02-01,8,Thursday,0
2022-02-25,2022,Q1,2,February,2022-02,2022-02-01,8,Friday,0
2022-02-26,2022,Q1,2,February,2022-02,2022-02-01,8,Saturday,1
2022-02-27,2022,Q1,2,February,2022-02,2022-02-01,8,Sunday,1
2022-02-28,2022,Q1,2,February,2022-02,2022-02-01,9,Monday,0
2022-03-01,2022,Q1,3,March,2022-03,2022-03-01,9,Tuesday,0
2022-03-02,2022,Q1,3,March,2022-03,2022-03-01,9,Wednesday,0
2022-03-03,2022,Q1,3,March,2022-03,2022-03-01,9,Thursday,0
2022-03-04,2022,Q1,3,March,2022-03,2022-03-01,9,Friday,0
2022-03-05,2022,Q1,3,March,2022-03,2022-03-01,9,Saturday,1
2022-03-06,2022,Q1,3,March,2022-03,2022-03-01,9,Sunday,1
2022-03-07,2022,Q1,3,March,2022-03,2022-03-01,10,Monday,0
2022-03-08,2022,Q1,3,March,2022-03,2022-03-01,10,Tuesday,0
2022-03-09,2022,Q1,3,March,2022-03,2022-03-01,10,Wednesday,0
2022-03-10,2022,Q1,3,March,2022-03,2022-03-01,10,Thursday,0
2022-03-11,2022,Q1,3,March,2022-03,2022-03-01,10,Friday,0
2022-03-12,2022,Q1,3,March,2022-03,2022-03-01,10,Saturday,1
2022-03-13,2022,Q1,3,March,2022-03,2022-03-01,10,Sunday,1
2022-03-14,2022,Q1,3,March,2022-03,2022-03-01,11,Monday,0
2022-03-15,2022,Q1,3,March,2022-03,2022-03-01,11,Tuesday,0
2022-03-16,2022,Q1,3,March,2022-03,2022-03-01,11,Wednesday,0
2022-03-17,2022,Q1,3,March,2022-03,2022-03-01,11,Thursday,0
2022-03-18,2022,Q1,3,March,2022-03,2022-03-01,11,Friday,0
2022-03-19,2022,Q1,3,March,2022-03,2022-03-01,11,Saturday,1
2022-03-20,2022,Q1,3,March,2022-03,2022-03-01,11,Sunday,1
2022-03-21,2022,Q1,3,March,2022-03,2022-03-01,12,Monday,0
2022-03-22,2022,Q1,3,March,2022-03,2022-03-01,12,Tuesday,0
2022-03-23,2022,Q1,3,March,2022-03,2022-03-01,12,Wednesday,0
2022-03-24,2022,Q1,3,March,2022-03,2022-03-01,12,Thursday,0
2022-03-25,2022,Q1,3,March,2022-03,2022-03-01,12,Friday,0
2022-03-26,2022,Q1,3,March,2022-03,2022-03-01,12,Saturday,1
2022-03-27,2022,Q1,3,March,2022-03,2022-03-01,12,Sunday,1
2022-03-28,2022,Q1,3,March,2022-03,2022-03-01,13,Monday,0
2022-03-29,2022,Q1,3,March,2022-03,2022-03-01,13,Tuesday,0
2022-03-30,2022,Q1,3,March,2022-03,2022-03-01,13,Wednesday,0
2022-03-31,2022,Q1,3,March,2022-03,2022-03-01,13,Thursday,0
2022-04-01,2022,Q2,4,April,2022-04,2022-04-01,13,Friday,0
2022-04-02,2022,Q2,4,April,2022-04,2022-04-01,13,Saturday,1
2022-04-03,2022,Q2,4,April,2022-04,2022-04-01,13,Sunday,1
2022-04-04,2022,Q2,4,April,2022-04,2022-04-01,14,Monday,0
2022-04-05,2022,Q2,4,April,2022-04,2022-04-01,14,Tuesday,0
2022-04-06,2022,Q2,4,April,2022-04,2022-04-01,14,Wednesday,0
2022-04-07,2022,Q2,4,April,2022-04,2022-04-01,14,Thursday,0
2022-04-08,2022,Q2,4,April,2022-04,2022-04-01,14,Friday,0
2022-04-09,2022,Q2,4,April,2022-04,2022-04-01,14,Saturday,1
2022-04-10,2022,Q2,4,April,2022-04,2022-04-01,14,Sunday,1
2022-04-11,2022,Q2,4,April,2022-04,2022-04-01,15,Monday,0
2022-04-12,2022,Q2,4,April,2022-04,2022-04-01,15,Tuesday,0
2022-04-13,2022,Q2,4,April,2022-04,2022-04-01,15,Wednesday,0
2022-04-14,2022,Q2,4,April,2022-04,2022-04-01,15,Thursday,0
2022-04-15,2022,Q2,4,April,2022-04,2022-04-01,15,Friday,0
2022-04-16,2022,Q2,4,April,2022-04,2022-04-01,15,Saturday,1
2022-04-17,2022,Q2,4,April,2022-04,2022-04-01,15,Sunday,1
2022-04-18,2022,Q2,4,April,2022-04,2022-04-01,16,Monday,0
2022-04-19,2022,Q2,4,April,2022-04,2022-04-01,16,Tuesday,0
2022-04-20,2022,Q2,4,April,2022-04,2022-04-01,16,Wednesday,0
2022-04-21,2022,Q2,4,April,2022-04,2022-04-01,16,Thursday,0
2022-04-22,2022,Q2,4,April,2022-04,2022-04-01,16,Friday,0
2022-04-23,2022,Q2,4,April,2022-04,2022-04-01,16,Saturday,1
2022-04-24,2022,Q2,4,April,2022-04,2022-04-01,16,Sunday,1
2022-04-25,2022,Q2,4,April,2022-04,2022-04-01,17,Monday,0
2022-04-26,2022,Q2,4,April,2022-04,2022-04-01,17,Tuesday,0
2022-04-27,2022,Q2,4,April,2022-04,2022-04-01,17,Wednesday,0
2022-04-28,2022,Q2,4,April,2022-04,2022-04-01,17,Thursday,0
2022-04-29,2022,Q2,4,April,2022-04,2022-04-01,17,Friday,0
2022-04-30,2022,Q2,4,April,2022-04,2022-04-01,17,Saturday,1
2022-05-01,2022,Q2,5,May,2022-05,2022-05-01,17,Sunday,1
2022-05-02,2022,Q2,5,May,2022-05,2022-05-01,18,Monday,0
2022-05-03,2022,Q2,5,May,2022-05,2022-05-01,18,Tuesday,0
2022-05-04,2022,Q2,5,May,2022-05,2022-05-01,18,Wednesday,0
2022-05-05,2022,Q2,5,May,2022-05,2022-05-01,18,Thursday,0
2022-05-06,2022,Q2,5,May,2022-05,2022-05-01,18,Friday,0
2022-05-07,2022,Q2,5,May,2022-05,2022-05-01,18,Saturday,1
2022-05-08,2022,Q2,5,May,2022-05,2022-05-01,18,Sunday,1
2022-05-09,2022,Q2,5,May,2022-05,2022-05-01,19,Monday,0
2022-05-10,2022,Q2,5,May,2022-05,2022-05-01,19,Tuesday,0
2022-05-11,2022,Q2,5,May,2022-05,2022-05-01,19,Wednesday,0
2022-05-12,2022,Q2,5,May,2022-05,2022-05-01,19,Thursday,0
2022-05-13,2022,Q2,5,May,2022-05,2022-05-01,19,Friday,0
2022-05-14,2022,Q2,5,May,2022-05,2022-05-01,19,Saturday,1
2022-05-15,2022,Q2,5,May,2022-05,2022-05-01,19,Sunday,1
2022-05-16,2022,Q2,5,May,2022-05,2022-05-01,20,Monday,0
2022-05-17,2022,Q2,5,May,2022-05,2022-05-01,20,Tuesday,0
2022-05-18,2022,Q2,5,May,2022-05,2022-05-01,20,Wednesday,0
2022-05-19,2022,Q2,5,May,2022-05,2022-05-01,20,Thursday,0
2022-05-20,2022,Q2,5,May,2022-05,2022-05-01,20,Friday,0
2022-05-21,2022,Q2,5,May,2022-05,2022-05-01,20,Saturday,1
2022-05-22,2022,Q2,5,May,2022-05,2022-05-01,20,Sunday,1
2022-05-23,2022,Q2,5,May,2022-05,2022-05-01,21,Monday,0
2022-05-24,2022,Q2,5,May,2022-05,2022-05-01,21,Tuesday,0
2022-05-25,2022,Q2,5,May,2022-05,2022-05-01,21,Wednesday,0
2022-05-26,2022,Q2,5,May,2022-05,2022-05-01,21,Thursday,0
2022-05-27,2022,Q2,5,May,2022-05,2022-05-01,21,Friday,0
2022-05-28,2022,Q2,5,May,2022-05,2022-05-01,21,Saturday,1
2022-05-29,2022,Q2,5,May,2022-05,2022-05-01,21,Sunday,1
2022-05-30,2022,Q2,5,May,2022-05,2022-05-01,22,Monday,0
2022-05-31,2022,Q2,5,May,2022-05,2022-05-01,22,Tuesday,0
2022-06-01,2022,Q2,6,June,2022-06,2022-06-01,22,Wednesday,0
2022-06-02,2022,Q2,6,June,2022-06,2022-06-01,22,Thursday,0
2022-06-03,2022,Q2,6,June,2022-06,2022-06-01,22,Friday,0
2022-06-04,2022,Q2,6,June,2022-06,2022-06-01,22,Saturday,1
2022-06-05,2022,Q2,6,June,2022-06,2022-06-01,22,Sunday,1
2022-06-06,2022,Q2,6,June,2022-06,2022-06-01,23,Monday,0
2022-06-07,2022,Q2,6,June,2022-06,2022-06-01,23,Tuesday,0
2022-06-08,2022,Q2,6,June,2022-06,2022-06-01,23,Wednesday,0
2022-06-09,2022,Q2,6,June,2022-06,2022-06-01,23,Thursday,0
2022-06-10,2022,Q2,6,June,2022-06,2022-06-01,23,Friday,0
2022-06-11,2022,Q2,6,June,2022-06,2022-06-01,23,Saturday,1
2022-06-12,2022,Q2,6,June,2022-06,2022-06-01,23,Sunday,1
2022-06-13,2022,Q2,6,June,2022-06,2022-06-01,24,Monday,0
2022-06-14,2022,Q2,6,June,2022-06,2022-06-01,24,Tuesday,0
2022-06-15,2022,Q2,6,June,2022-06,2022-06-01,24,Wednesday,0
2022-06-16,2022,Q2,6,June,2022-06,2022-06-01,24,Thursday,0
2022-06-17,2022,Q2,6,June,2022-06,2022-06-01,24,Friday,0
2022-06-18,2022,Q2,6,June,2022-06,2022-06-01,24,Saturday,1
2022-06-19,2022,Q2,6,June,2022-06,2022-06-01,24,Sunday,1
2022-06-20,2022,Q2,6,June,2022-06,2022-06-01,25,Monday,0
2022-06-21,2022,Q2,6,June,2022-06,2022-06-01,25,Tuesday,0
2022-06-22,2022,Q2,6,June,2022-06,2022-06-01,25,Wednesday,0
2022-06-23,2022,Q2,6,June,2022-06,2022-06-01,25,Thursday,0
2022-06-24,2022,Q2,6,June,2022-06,2022-06-01,25,Friday,0
2022-06-25,2022,Q2,6,June,2022-06,2022-06-01,25,Saturday,1
2022-06-26,2022,Q2,6,June,2022-06,2022-06-01,25,Sunday,1
2022-06-27,2022,Q2,6,June,2022-06,2022-06-01,26,Monday,0
2022-06-28,2022,Q2,6,June,2022-06,2022-06-01,26,Tuesday,0
2022-06-29,2022,Q2,6,June,2022-06,2022-06-01,26,Wednesday,0
2022-06-30,2022,Q2,6,June,2022-06,2022-06-01,26,Thursday,0
2022-07-01,2022,Q3,7,July,2022-07,2022-07-01,26,Friday,0
2022-07-02,2022,Q3,7,July,2022-07,2022-07-01,26,Saturday,1
2022-07-03,2022,Q3,7,July,2022-07,2022-07-01,26,Sunday,1
2022-07-04,2022,Q3,7,July,2022-07,2022-07-01,27,Monday,0
2022-07-05,2022,Q3,7,July,2022-07,2022-07-01,27,Tuesday,0
2022-07-06,2022,Q3,7,July,2022-07,2022-07-01,27,Wednesday,0
2022-07-07,2022,Q3,7,July,2022-07,2022-07-01,27,Thursday,0
2022-07-08,2022,Q3,7,July,2022-07,2022-07-01,27,Friday,0
2022-07-09,2022,Q3,7,July,2022-07,2022-07-01,27,Saturday,1
2022-07-10,2022,Q3,7,July,2022-07,2022-07-01,27,Sunday,1
2022-07-11,2022,Q3,7,July,2022-07,2022-07-01,28,Monday,0
2022-07-12,2022,Q3,7,July,2022-07,2022-07-01,28,Tuesday,0
2022-07-13,2022,Q3,7,July,2022-07,2022-07-01,28,Wednesday,0
2022-07-14,2022,Q3,7,July,2022-07,2022-07-01,28,Thursday,0
2022-07-15,2022,Q3,7,July,2022-07,2022-07-01,28,Friday,0
2022-07-16,2022,Q3,7,July,2022-07,2022-07-01,28,Saturday,1
2022-07-17,2022,Q3,7,July,2022-07,2022-07-01,28,Sunday,1
2022-07-18,2022,Q3,7,July,2022-07,2022-07-01,29,Monday,0
2022-07-19,2022,Q3,7,July,2022-07,2022-07-01,29,Tuesday,0
2022-07-20,2022,Q3,7,July,2022-07,2022-07-01,29,Wednesday,0
2022-07-21,2022,Q3,7,July,2022-07,2022-07-01,29,Thursday,0
2022-07-22,2022,Q3,7,July,2022-07,2022-07-01,29,Friday,0
2022-07-23,2022,Q3,7,July,2022-07,2022-07-01,29,Saturday,1
2022-07-24,2022,Q3,7,July,2022-07,2022-07-01,29,Sunday,1
2022-07-25,2022,Q3,7,July,2022-07,2022-07-01,30,Monday,0
2022-07-26,2022,Q3,7,July,2022-07,2022-07-01,30,Tuesday,0
2022-07-27,2022,Q3,7,July,2022-07,2022-07-01,30,Wednesday,0
2022-07-28,2022,Q3,7,July,2022-07,2022-07-01,30,Thursday,0
2022-07-29,2022,Q3,7,July,2022-07,2022-07-01,30,Friday,0
2022-07-30,2022,Q3,7,July,2022-07,2022-07-01,30,Saturday,1
2022-07-31,2022,Q3,7,July,2022-07,2022-07-01,30,Sunday,1
2022-08-01,2022,Q3,8,August,2022-08,2022-08-01,31,Monday,0
2022-08-02,2022,Q3,8,August,2022-08,2022-08-01,31,Tuesday,0
2022-08-03,2022,Q3,8,August,2022-08,2022-08-01,31,Wednesday,0
2022-08-04,2022,Q3,8,August,2022-08,2022-08-01,31,Thursday,0
2022-08-05,2022,Q3,8,August,2022-08,2022-08-01,31,Friday,0
2022-08-06,2022,Q3,8,August,2022-08,2022-08-01,31,Saturday,1
2022-08-07,2022,Q3,8,August,2022-08,2022-08-01,31,Sunday,1
2022-08-08,2022,Q3,8,August,2022-08,2022-08-01,32,Monday,0
2022-08-09,2022,Q3,8,August,2022-08,2022-08-01,32,Tuesday,0
2022-08-10,2022,Q3,8,August,2022-08,2022-08-01,32,Wednesday,0
2022-08-11,2022,Q3,8,August,2022-08,2022-08-01,32,Thursday,0
2022-08-12,2022,Q3,8,August,2022-08,2022-08-01,32,Friday,0
2022-08-13,2022,Q3,8,August,2022-08,2022-08-01,32,Saturday,1
2022-08-14,2022,Q3,8,August,2022-08,2022-08-01,32,Sunday,1
2022-08-15,2022,Q3,8,August,2022-08,2022-08-01,33,Monday,0
2022-08-16,2022,Q3,8,August,2022-08,2022-08-01,33,Tuesday,0
2022-08-17,2022,Q3,8,August,2022-08,2022-08-01,33,Wednesday,0
2022-08-18,2022,Q3,8,August,2022-08,2022-08-01,33,Thursday,0
2022-08-19,2022,Q3,8,August,2022-08,2022-08-01,33,Friday,0
2022-08-20,2022,Q3,8,August,2022-08,2022-08-01,33,Saturday,1
2022-08-21,2022,Q3,8,August,2022-08,2022-08-01,33,Sunday,1
2022-08-22,2022,Q3,8,August,2022-08,2022-08-01,34,Monday,0
2022-08-23,2022,Q3,8,August,2022-08,2022-08-01,34,Tuesday,0
2022-08-24,2022,Q3,8,August,2022-08,2022-08-01,34,Wednesday,0
2022-08-25,2022,Q3,8,August,2022-08,2022-08-01,34,Thursday,0
2022-08-26,2022,Q3,8,August,2022-08,2022-08-01,34,Friday,0
2022-08-27,2022,Q3,8,August,2022-08,2022-08-01,34,Saturday,1
2022-08-28,2022,Q3,8,August,2022-08,2022-08-01,34,Sunday,1
2022-08-29,2022,Q3,8,August,2022-08,2022-08-01,35,Monday,0
2022-08-30,2022,Q3,8,August,2022-08,2022-08-01,35,Tuesday,0
2022-08-31,2022,Q3,8,August,2022-08,2022-08-01,35,Wednesday,0
2022-09-01,2022,Q3,9,September,2022-09,2022-09-01,35,Thursday,0
2022-09-02,2022,Q3,9,September,2022-09,2022-09-01,35,Friday,0
2022-09-03,2022,Q3,9,September,2022-09,2022-09-01,35,Saturday,1
2022-09-04,2022,Q3,9,September,2022-09,2022-09-01,35,Sunday,1
2022-09-05,2022,Q3,9,September,2022-09,2022-09-01,36,Monday,0
2022-09-06,2022,Q3,9,September,2022-09,2022-09-01,36,Tuesday,0
2022-09-07,2022,Q3,9,September,2022-09,2022-09-01,36,Wednesday,0
2022-09-08,2022,Q3,9,September,2022-09,2022-09-01,36,Thursday,0
2022-09-09,2022,Q3,9,September,2022-09,2022-09-01,36,Friday,0
2022-09-10,2022,Q3,9,September,2022-09,2022-09-01,36,Saturday,1
2022-09-11,2022,Q3,9,September,2022-09,2022-09-01,36,Sunday,1
2022-09-12,2022,Q3,9,September,2022-09,2022-09-01,37,Monday,0
2022-09-13,2022,Q3,9,September,2022-09,2022-09-01,37,Tuesday,0
2022-09-14,2022,Q3,9,September,2022-09,2022-09-01,37,Wednesday,0
2022-09-15,2022,Q3,9,September,2022-09,2022-09-01,37,Thursday,0
2022-09-16,2022,Q3,9,September,2022-09,2022-09-01,37,Friday,0
2022-09-17,2022,Q3,9,September,2022-09,2022-09-01,37,Saturday,1
2022-09-18,2022,Q3,9,September,2022-09,2022-09-01,37,Sunday,1
2022-09-19,2022,Q3,9,September,2022-09,2022-09-01,38,Monday,0
2022-09-20,2022,Q3,9,September,2022-09,2022-09-01,38,Tuesday,0
2022-09-21,2022,Q3,9,September,2022-09,2022-09-01,38,Wednesday,0
2022-09-22,2022,Q3,9,September,2022-09,2022-09-01,38,Thursday,0
2022-09-23,2022,Q3,9,September,2022-09,2022-09-01,38,Friday,0
2022-09-24,2022,Q3,9,September,2022-09,2022-09-01,38,Saturday,1
2022-09-25,2022,Q3,9,September,2022-09,2022-09-01,38,Sunday,1
2022-09-26,2022,Q3,9,September,2022-09,2022-09-01,39,Monday,0
2022-09-27,2022,Q3,9,September,2022-09,2022-09-01,39,Tuesday,0
2022-09-28,2022,Q3,9,September,2022-09,2022-09-01,39,Wednesday,0
2022-09-29,2022,Q3,9,September,2022-09,2022-09-01,39,Thursday,0
2022-09-30,2022,Q3,9,September,2022-09,2022-09-01,39,Friday,0
2022-10-01,2022,Q4,10,October,2022-10,2022-10-01,39,Saturday,1
2022-10-02,2022,Q4,10,October,2022-10,2022-10-01,39,Sunday,1
2022-10-03,2022,Q4,10,October,2022-10,2022-10-01,40,Monday,0
2022-10-04,2022,Q4,10,October,2022-10,2022-10-01,40,Tuesday,0
2022-10-05,2022,Q4,10,October,2022-10,2022-10-01,40,Wednesday,0
2022-10-06,2022,Q4,10,October,2022-10,2022-10-01,40,Thursday,0
2022-10-07,2022,Q4,10,October,2022-10,2022-10-01,40,Friday,0
2022-10-08,2022,Q4,10,October,2022-10,2022-10-01,40,Saturday,1
2022-10-09,2022,Q4,10,October,2022-10,2022-10-01,40,Sunday,1
2022-10-10,2022,Q4,10,October,2022-10,2022-10-01,41,Monday,0
2022-10-11,2022,Q4,10,October,2022-10,2022-10-01,41,Tuesday,0
2022-10-12,2022,Q4,10,October,2022-10,2022-10-01,41,Wednesday,0
2022-10-13,2022,Q4,10,October,2022-10,2022-10-01,41,Thursday,0
2022-10-14,2022,Q4,10,October,2022-10,2022-10-01,41,Friday,0
2022-10-15,2022,Q4,10,October,2022-10,2022-10-01,41,Saturday,1
2022-10-16,2022,Q4,10,October,2022-10,2022-10-01,41,Sunday,1
2022-10-17,2022,Q4,10,October,2022-10,2022-10-01,42,Monday,0
2022-10-18,2022,Q4,10,October,2022-10,2022-10-01,42,Tuesday,0
2022-10-19,2022,Q4,10,October,2022-10,2022-10-01,42,Wednesday,0
2022-10-20,2022,Q4,10,October,2022-10,2022-10-01,42,Thursday,0
2022-10-21,2022,Q4,10,October,2022-10,2022-10-01,42,Friday,0
2022-10-22,2022,Q4,10,October,2022-10,2022-10-01,42,Saturday,1
2022-10-23,2022,Q4,10,October,2022-10,2022-10-01,42,Sunday,1
2022-10-24,2022,Q4,10,October,2022-10,2022-10-01,43,Monday,0
2022-10-25,2022,Q4,10,October,2022-10,2022-10-01,43,Tuesday,0
2022-10-26,2022,Q4,10,October,2022-10,2022-10-01,43,Wednesday,0
2022-10-27,2022,Q4,10,October,2022-10,2022-10-01,43,Thursday,0
2022-10-28,2022,Q4,10,October,2022-10,2022-10-01,43,Friday,0
2022-10-29,2022,Q4,10,October,2022-10,2022-10-01,43,Saturday,1
2022-10-30,2022,Q4,10,October,2022-10,2022-10-01,43,Sunday,1
2022-10-31,2022,Q4,10,October,2022-10,2022-10-01,44,Monday,0
2022-11-01,2022,Q4,11,November,2022-11,2022-11-01,44,Tuesday,0
2022-11-02,2022,Q4,11,November,2022-11,2022-11-01,44,Wednesday,0
2022-11-03,2022,Q4,11,November,2022-11,2022-11-01,44,Thursday,0
2022-11-04,2022,Q4,11,November,2022-11,2022-11-01,44,Friday,0
2022-11-05,2022,Q4,11,November,2022-11,2022-11-01,44,Saturday,1
2022-11-06,2022,Q4,11,November,2022-11,2022-11-01,44,Sunday,1
2022-11-07,2022,Q4,11,November,2022-11,2022-11-01,45,Monday,0
2022-11-08,2022,Q4,11,November,2022-11,2022-11-01,45,Tuesday,0
2022-11-09,2022,Q4,11,November,2022-11,2022-11-01,45,Wednesday,0
2022-11-10,2022,Q4,11,November,2022-11,2022-11-01,45,Thursday,0
2022-11-11,2022,Q4,11,November,2022-11,2022-11-01,45,Friday,0
2022-11-12,2022,Q4,11,November,2022-11,2022-11-01,45,Saturday,1
2022-11-13,2022,Q4,11,November,2022-11,2022-11-01,45,Sunday,1
2022-11-14,2022,Q4,11,November,2022-11,2022-11-01,46,Monday,0
2022-11-15,2022,Q4,11,November,2022-11,2022-11-01,46,Tuesday,0
2022-11-16,2022,Q4,11,November,2022-11,2022-11-01,46,Wednesday,0
2022-11-17,2022,Q4,11,November,2022-11,2022-11-01,46,Thursday,0
2022-11-18,2022,Q4,11,November,2022-11,2022-11-01,46,Friday,0
2022-11-19,2022,Q4,11,November,2022-11,2022-11-01,46,Saturday,1
2022-11-20,2022,Q4,11,November,2022-11,2022-11-01,46,Sunday,1
2022-11-21,2022,Q4,11,November,2022-11,2022-11-01,47,Monday,0
2022-11-22,2022,Q4,11,November,2022-11,2022-11-01,47,Tuesday,0
2022-11-23,2022,Q4,11,November,2022-11,2022-11-01,47,Wednesday,0
2022-11-24,2022,Q4,11,November,2022-11,2022-11-01,47,Thursday,0
2022-11-25,2022,Q4,11,November,2022-11,2022-11-01,47,Friday,0
2022-11-26,2022,Q4,11,November,2022-11,2022-11-01,47,Saturday,1
2022-11-27,2022,Q4,11,November,2022-11,2022-11-01,47,Sunday,1
2022-11-28,2022,Q4,11,November,2022-11,2022-11-01,48,Monday,0
2022-11-29,2022,Q4,11,November,2022-11,2022-11-01,48,Tuesday,0
2022-11-30,2022,Q4,11,November,2022-11,2022-11-01,48,Wednesday,0
2022-12-01,2022,Q4,12,December,2022-12,2022-12-01,48,Thursday,0
2022-12-02,2022,Q4,12,December,2022-12,2022-12-01,48,Friday,0
2022-12-03,2022,Q4,12,December,2022-12,2022-12-01,48,Saturday,1
2022-12-04,2022,Q4,12,December,2022-12,2022-12-01,48,Sunday,1
2022-12-05,2022,Q4,12,December,2022-12,2022-12-01,49,Monday,0
2022-12-06,2022,Q4,12,December,2022-12,2022-12-01,49,Tuesday,0
2022-12-07,2022,Q4,12,December,2022-12,2022-12-01,49,Wednesday,0
2022-12-08,2022,Q4,12,December,2022-12,2022-12-01,49,Thursday,0
2022-12-09,2022,Q4,12,December,2022-12,2022-12-01,49,Friday,0
2022-12-10,2022,Q4,12,December,2022-12,2022-12-01,49,Saturday,1
2022-12-11,2022,Q4,12,December,2022-12,2022-12-01,49,Sunday,1
2022-12-12,2022,Q4,12,December,2022-12,2022-12-01,50,Monday,0
2022-12-13,2022,Q4,12,December,2022-12,2022-12-01,50,Tuesday,0
2022-12-14,2022,Q4,12,December,2022-12,2022-12-01,50,Wednesday,0
2022-12-15,2022,Q4,12,December,2022-12,2022-12-01,50,Thursday,0
2022-12-16,2022,Q4,12,December,2022-12,2022-12-01,50,Friday,0
2022-12-17,2022,Q4,12,December,2022-12,2022-12-01,50,Saturday,1
2022-12-18,2022,Q4,12,December,2022-12,2022-12-01,50,Sunday,1
2022-12-19,2022,Q4,12,December,2022-12,2022-12-01,51,Monday,0
2022-12-20,2022,Q4,12,December,2022-12,2022-12-01,51,Tuesday,0
2022-12-21,2022,Q4,12,December,2022-12,2022-12-01,51,Wednesday,0
2022-12-22,2022,Q4,12,December,2022-12,2022-12-01,51,Thursday,0
2022-12-23,2022,Q4,12,December,2022-12,2022-12-01,51,Friday,0
2022-12-24,2022,Q4,12,December,2022-12,2022-12-01,51,Saturday,1
2022-12-25,2022,Q4,12,December,2022-12,2022-12-01,51,Sunday,1
2022-12-26,2022,Q4,12,December,2022-12,2022-12-01,52,Monday,0
2022-12-27,2022,Q4,12,December,2022-12,2022-12-01,52,Tuesday,0
2022-12-28,2022,Q4,12,December,2022-12,2022-12-01,52,Wednesday,0
2022-12-29,2022,Q4,12,December,2022-12,2022-12-01,52,Thursday,0
2022-12-30,2022,Q4,12,December,2022-12,2022-12-01,52,Friday,0
2022-12-31,2022,Q4,12,December,2022-12,2022-12-01,52,Saturday,1
2023-01-01,2023,Q1,1,January,2023-01,2023-01-01,52,Sunday,1
2023-01-02,2023,Q1,1,January,2023-01,2023-01-01,1,Monday,0
2023-01-03,2023,Q1,1,January,2023-01,2023-01-01,1,Tuesday,0
2023-01-04,2023,Q1,1,January,2023-01,2023-01-01,1,Wednesday,0
2023-01-05,2023,Q1,1,January,2023-01,2023-01-01,1,Thursday,0
2023-01-06,2023,Q1,1,January,2023-01,2023-01-01,1,Friday,0
2023-01-07,2023,Q1,1,January,2023-01,2023-01-01,1,Saturday,1
2023-01-08,2023,Q1,1,January,2023-01,2023-01-01,1,Sunday,1
2023-01-09,2023,Q1,1,January,2023-01,2023-01-01,2,Monday,0
2023-01-10,2023,Q1,1,January,2023-01,2023-01-01,2,Tuesday,0
2023-01-11,2023,Q1,1,January,2023-01,2023-01-01,2,Wednesday,0
2023-01-12,2023,Q1,1,January,2023-01,2023-01-01,2,Thursday,0
2023-01-13,2023,Q1,1,January,2023-01,2023-01-01,2,Friday,0
2023-01-14,2023,Q1,1,January,2023-01,2023-01-01,2,Saturday,1
2023-01-15,2023,Q1,1,January,2023-01,2023-01-01,2,Sunday,1
2023-01-16,2023,Q1,1,January,2023-01,2023-01-01,3,Monday,0
2023-01-17,2023,Q1,1,January,2023-01,2023-01-01,3,Tuesday,0
2023-01-18,2023,Q1,1,January,2023-01,2023-01-01,3,Wednesday,0
2023-01-19,2023,Q1,1,January,2023-01,2023-01-01,3,Thursday,0
2023-01-20,2023,Q1,1,January,2023-01,2023-01-01,3,Friday,0
2023-01-21,2023,Q1,1,January,2023-01,2023-01-01,3,Saturday,1
2023-01-22,2023,Q1,1,January,2023-01,2023-01-01,3,Sunday,1
2023-01-23,2023,Q1,1,January,2023-01,2023-01-01,4,Monday,0
2023-01-24,2023,Q1,1,January,2023-01,2023-01-01,4,Tuesday,0
2023-01-25,2023,Q1,1,January,2023-01,2023-01-01,4,Wednesday,0
2023-01-26,2023,Q1,1,January,2023-01,2023-01-01,4,Thursday,0
2023-01-27,2023,Q1,1,January,2023-01,2023-01-01,4,Friday,0
2023-01-28,2023,Q1,1,January,2023-01,2023-01-01,4,Saturday,1
2023-01-29,2023,Q1,1,January,2023-01,2023-01-01,4,Sunday,1
2023-01-30,2023,Q1,1,January,2023-01,2023-01-01,5,Monday,0
2023-01-31,2023,Q1,1,January,2023-01,2023-01-01,5,Tuesday,0
2023-02-01,2023,Q1,2,February,2023-02,2023-02-01,5,Wednesday,0
2023-02-02,2023,Q1,2,February,2023-02,2023-02-01,5,Thursday,0
2023-02-03,2023,Q1,2,February,2023-02,2023-02-01,5,Friday,0
2023-02-04,2023,Q1,2,February,2023-02,2023-02-01,5,Saturday,1
2023-02-05,2023,Q1,2,February,2023-02,2023-02-01,5,Sunday,1
2023-02-06,2023,Q1,2,February,2023-02,2023-02-01,6,Monday,0
2023-02-07,2023,Q1,2,February,2023-02,2023-02-01,6,Tuesday,0
2023-02-08,2023,Q1,2,February,2023-02,2023-02-01,6,Wednesday,0
2023-02-09,2023,Q1,2,February,2023-02,2023-02-01,6,Thursday,0
2023-02-10,2023,Q1,2,February,2023-02,2023-02-01,6,Friday,0
2023-02-11,2023,Q1,2,February,2023-02,2023-02-01,6,Saturday,1
2023-02-12,2023,Q1,2,February,2023-02,2023-02-01,6,Sunday,1
2023-02-13,2023,Q1,2,February,2023-02,2023-02-01,7,Monday,0
2023-02-14,2023,Q1,2,February,2023-02,2023-02-01,7,Tuesday,0
2023-02-15,2023,Q1,2,February,2023-02,2023-02-01,7,Wednesday,0
2023-02-16,2023,Q1,2,February,2023-02,2023-02-01,7,Thursday,0
2023-02-17,2023,Q1,2,February,2023-02,2023-02-01,7,Friday,0
2023-02-18,2023,Q1,2,February,2023-02,2023-02-01,7,Saturday,1
2023-02-19,2023,Q1,2,February,2023-02,2023-02-01,7,Sunday,1
2023-02-20,2023,Q1,2,February,2023-02,2023-02-01,8,Monday,0
2023-02-21,2023,Q1,2,February,2023-02,2023-02-01,8,Tuesday,0
2023-02-22,2023,Q1,2,February,2023-02,2023-02-01,8,Wednesday,0
2023-02-23,2023,Q1,2,February,2023-02,2023-02-01,8,Thursday,0
2023-02-24,2023,Q1,2,February,2023-02,2023-02-01,8,Friday,0
2023-02-25,2023,Q1,2,February,2023-02,2023-02-01,8,Saturday,1
2023-02-26,2023,Q1,2,February,2023-02,2023-02-01,8,Sunday,1
2023-02-27,2023,Q1,2,February,2023-02,2023-02-01,9,Monday,0
2023-02-28,2023,Q1,2,February,2023-02,2023-02-01,9,Tuesday,0
2023-03-01,2023,Q1,3,March,2023-03,2023-03-01,9,Wednesday,0
2023-03-02,2023,Q1,3,March,2023-03,2023-03-01,9,Thursday,0
2023-03-03,2023,Q1,3,March,2023-03,2023-03-01,9,Friday,0
2023-03-04,2023,Q1,3,March,2023-03,2023-03-01,9,Saturday,1
2023-03-05,2023,Q1,3,March,2023-03,2023-03-01,9,Sunday,1
2023-03-06,2023,Q1,3,March,2023-03,2023-03-01,10,Monday,0
2023-03-07,2023,Q1,3,March,2023-03,2023-03-01,10,Tuesday,0
2023-03-08,2023,Q1,3,March,2023-03,2023-03-01,10,Wednesday,0
2023-03-09,2023,Q1,3,March,2023-03,2023-03-01,10,Thursday,0
2023-03-10,2023,Q1,3,March,2023-03,2023-03-01,10,Friday,0
2023-03-11,2023,Q1,3,March,2023-03,2023-03-01,10,Saturday,1
2023-03-12,2023,Q1,3,March,2023-03,2023-03-01,10,Sunday,1
2023-03-13,2023,Q1,3,March,2023-03,2023-03-01,11,Monday,0
2023-03-14,2023,Q1,3,March,2023-03,2023-03-01,11,Tuesday,0
2023-03-15,2023,Q1,3,March,2023-03,2023-03-01,11,Wednesday,0
2023-03-16,2023,Q1,3,March,2023-03,2023-03-01,11,Thursday,0
2023-03-17,2023,Q1,3,March,2023-03,2023-03-01,11,Friday,0
2023-03-18,2023,Q1,3,March,2023-03,2023-03-01,11,Saturday,1
2023-03-19,2023,Q1,3,March,2023-03,2023-03-01,11,Sunday,1
2023-03-20,2023,Q1,3,March,2023-03,2023-03-01,12,Monday,0
2023-03-21,2023,Q1,3,March,2023-03,2023-03-01,12,Tuesday,0
2023-03-22,2023,Q1,3,March,2023-03,2023-03-01,12,Wednesday,0
2023-03-23,2023,Q1,3,March,2023-03,2023-03-01,12,Thursday,0
2023-03-24,2023,Q1,3,March,2023-03,2023-03-01,12,Friday,0
2023-03-25,2023,Q1,3,March,2023-03,2023-03-01,12,Saturday,1
2023-03-26,2023,Q1,3,March,2023-03,2023-03-01,12,Sunday,1
2023-03-27,2023,Q1,3,March,2023-03,2023-03-01,13,Monday,0
2023-03-28,2023,Q1,3,March,2023-03,2023-03-01,13,Tuesday,0
2023-03-29,2023,Q1,3,March,2023-03,2023-03-01,13,Wednesday,0
2023-03-30,2023,Q1,3,March,2023-03,2023-03-01,13,Thursday,0
2023-03-31,2023,Q1,3,March,2023-03,2023-03-01,13,Friday,0
2023-04-01,2023,Q2,4,April,2023-04,2023-04-01,13,Saturday,1
2023-04-02,2023,Q2,4,April,2023-04,2023-04-01,13,Sunday,1
2023-04-03,2023,Q2,4,April,2023-04,2023-04-01,14,Monday,0
2023-04-04,2023,Q2,4,April,2023-04,2023-04-01,14,Tuesday,0
2023-04-05,2023,Q2,4,April,2023-04,2023-04-01,14,Wednesday,0
2023-04-06,2023,Q2,4,April,2023-04,2023-04-01,14,Thursday,0
2023-04-07,2023,Q2,4,April,2023-04,2023-04-01,14,Friday,0
2023-04-08,2023,Q2,4,April,2023-04,2023-04-01,14,Saturday,1
2023-04-09,2023,Q2,4,April,2023-04,2023-04-01,14,Sunday,1
2023-04-10,2023,Q2,4,April,2023-04,2023-04-01,15,Monday,0
2023-04-11,2023,Q2,4,April,2023-04,2023-04-01,15,Tuesday,0
2023-04-12,2023,Q2,4,April,2023-04,2023-04-01,15,Wednesday,0
2023-04-13,2023,Q2,4,April,2023-04,2023-04-01,15,Thursday,0
2023-04-14,2023,Q2,4,April,2023-04,2023-04-01,15,Friday,0
2023-04-15,2023,Q2,4,April,2023-04,2023-04-01,15,Saturday,1
2023-04-16,2023,Q2,4,April,2023-04,2023-04-01,15,Sunday,1
2023-04-17,2023,Q2,4,April,2023-04,2023-04-01,16,Monday,0
2023-04-18,2023,Q2,4,April,2023-04,2023-04-01,16,Tuesday,0
2023-04-19,2023,Q2,4,April,2023-04,2023-04-01,16,Wednesday,0
2023-04-20,2023,Q2,4,April,2023-04,2023-04-01,16,Thursday,0
2023-04-21,2023,Q2,4,April,2023-04,2023-04-01,16,Friday,0
2023-04-22,2023,Q2,4,April,2023-04,2023-04-01,16,Saturday,1
2023-04-23,2023,Q2,4,April,2023-04,2023-04-01,16,Sunday,1
2023-04-24,2023,Q2,4,April,2023-04,2023-04-01,17,Monday,0
2023-04-25,2023,Q2,4,April,2023-04,2023-04-01,17,Tuesday,0
2023-04-26,2023,Q2,4,April,2023-04,2023-04-01,17,Wednesday,0
2023-04-27,2023,Q2,4,April,2023-04,2023-04-01,17,Thursday,0
2023-04-28,2023,Q2,4,April,2023-04,2023-04-01,17,Friday,0
2023-04-29,2023,Q2,4,April,2023-04,2023-04-01,17,Saturday,1
2023-04-30,2023,Q2,4,April,2023-04,2023-04-01,17,Sunday,1
2023-05-01,2023,Q2,5,May,2023-05,2023-05-01,18,Monday,0
2023-05-02,2023,Q2,5,May,2023-05,2023-05-01,18,Tuesday,0
2023-05-03,2023,Q2,5,May,2023-05,2023-05-01,18,Wednesday,0
2023-05-04,2023,Q2,5,May,2023-05,2023-05-01,18,Thursday,0
2023-05-05,2023,Q2,5,May,2023-05,2023-05-01,18,Friday,0
2023-05-06,2023,Q2,5,May,2023-05,2023-05-01,18,Saturday,1
2023-05-07,2023,Q2,5,May,2023-05,2023-05-01,18,Sunday,1
2023-05-08,2023,Q2,5,May,2023-05,2023-05-01,19,Monday,0
2023-05-09,2023,Q2,5,May,2023-05,2023-05-01,19,Tuesday,0
2023-05-10,2023,Q2,5,May,2023-05,2023-05-01,19,Wednesday,0
2023-05-11,2023,Q2,5,May,2023-05,2023-05-01,19,Thursday,0
2023-05-12,2023,Q2,5,May,2023-05,2023-05-01,19,Friday,0
2023-05-13,2023,Q2,5,May,2023-05,2023-05-01,19,Saturday,1
2023-05-14,2023,Q2,5,May,2023-05,2023-05-01,19,Sunday,1
2023-05-15,2023,Q2,5,May,2023-05,2023-05-01,20,Monday,0
2023-05-16,2023,Q2,5,May,2023-05,2023-05-01,20,Tuesday,0
2023-05-17,2023,Q2,5,May,2023-05,2023-05-01,20,Wednesday,0
2023-05-18,2023,Q2,5,May,2023-05,2023-05-01,20,Thursday,0
2023-05-19,2023,Q2,5,May,2023-05,2023-05-01,20,Friday,0
2023-05-20,2023,Q2,5,May,2023-05,2023-05-01,20,Saturday,1
2023-05-21,2023,Q2,5,May,2023-05,2023-05-01,20,Sunday,1
2023-05-22,2023,Q2,5,May,2023-05,2023-05-01,21,Monday,0
2023-05-23,2023,Q2,5,May,2023-05,2023-05-01,21,Tuesday,0
2023-05-24,2023,Q2,5,May,2023-05,2023-05-01,21,Wednesday,0
2023-05-25,2023,Q2,5,May,2023-05,2023-05-01,21,Thursday,0
2023-05-26,2023,Q2,5,May,2023-05,2023-05-01,21,Friday,0
2023-05-27,2023,Q2,5,May,2023-05,2023-05-01,21,Saturday,1
2023-05-28,2023,Q2,5,May,2023-05,2023-05-01,21,Sunday,1
2023-05-29,2023,Q2,5,May,2023-05,2023-05-01,22,Monday,0
2023-05-30,2023,Q2,5,May,2023-05,2023-05-01,22,Tuesday,0
2023-05-31,2023,Q2,5,May,2023-05,2023-05-01,22,Wednesday,0
2023-06-01,2023,Q2,6,June,2023-06,2023-06-01,22,Thursday,0
2023-06-02,2023,Q2,6,June,2023-06,2023-06-01,22,Friday,0
2023-06-03,2023,Q2,6,June,2023-06,2023-06-01,22,Saturday,1
2023-06-04,2023,Q2,6,June,2023-06,2023-06-01,22,Sunday,1
2023-06-05,2023,Q2,6,June,2023-06,2023-06-01,23,Monday,0
2023-06-06,2023,Q2,6,June,2023-06,2023-06-01,23,Tuesday,0
2023-06-07,2023,Q2,6,June,2023-06,2023-06-01,23,Wednesday,0
2023-06-08,2023,Q2,6,June,2023-06,2023-06-01,23,Thursday,0
2023-06-09,2023,Q2,6,June,2023-06,2023-06-01,23,Friday,0
2023-06-10,2023,Q2,6,June,2023-06,2023-06-01,23,Saturday,1
2023-06-11,2023,Q2,6,June,2023-06,2023-06-01,23,Sunday,1
2023-06-12,2023,Q2,6,June,2023-06,2023-06-01,24,Monday,0
2023-06-13,2023,Q2,6,June,2023-06,2023-06-01,24,Tuesday,0
2023-06-14,2023,Q2,6,June,2023-06,2023-06-01,24,Wednesday,0
2023-06-15,2023,Q2,6,June,2023-06,2023-06-01,24,Thursday,0
2023-06-16,2023,Q2,6,June,2023-06,2023-06-01,24,Friday,0
2023-06-17,2023,Q2,6,June,2023-06,2023-06-01,24,Saturday,1
2023-06-18,2023,Q2,6,June,2023-06,2023-06-01,24,Sunday,1
2023-06-19,2023,Q2,6,June,2023-06,2023-06-01,25,Monday,0
2023-06-20,2023,Q2,6,June,2023-06,2023-06-01,25,Tuesday,0
2023-06-21,2023,Q2,6,June,2023-06,2023-06-01,25,Wednesday,0
2023-06-22,2023,Q2,6,June,2023-06,2023-06-01,25,Thursday,0
2023-06-23,2023,Q2,6,June,2023-06,2023-06-01,25,Friday,0
2023-06-24,2023,Q2,6,June,2023-06,2023-06-01,25,Saturday,1
2023-06-25,2023,Q2,6,June,2023-06,2023-06-01,25,Sunday,1
2023-06-26,2023,Q2,6,June,2023-06,2023-06-01,26,Monday,0
2023-06-27,2023,Q2,6,June,2023-06,2023-06-01,26,Tuesday,0
2023-06-28,2023,Q2,6,June,2023-06,2023-06-01,26,Wednesday,0
2023-06-29,2023,Q2,6,June,2023-06,2023-06-01,26,Thursday,0
2023-06-30,2023,Q2,6,June,2023-06,2023-06-01,26,Friday,0
2023-07-01,2023,Q3,7,July,2023-07,2023-07-01,26,Saturday,1
2023-07-02,2023,Q3,7,July,2023-07,2023-07-01,26,Sunday,1
2023-07-03,2023,Q3,7,July,2023-07,2023-07-01,27,Monday,0
2023-07-04,2023,Q3,7,July,2023-07,2023-07-01,27,Tuesday,0
2023-07-05,2023,Q3,7,July,2023-07,2023-07-01,27,Wednesday,0
2023-07-06,2023,Q3,7,July,2023-07,2023-07-01,27,Thursday,0
2023-07-07,2023,Q3,7,July,2023-07,2023-07-01,27,Friday,0
2023-07-08,2023,Q3,7,July,2023-07,2023-07-01,27,Saturday,1
2023-07-09,2023,Q3,7,July,2023-07,2023-07-01,27,Sunday,1
2023-07-10,2023,Q3,7,July,2023-07,2023-07-01,28,Monday,0
2023-07-11,2023,Q3,7,July,2023-07,2023-07-01,28,Tuesday,0
2023-07-12,2023,Q3,7,July,2023-07,2023-07-01,28,Wednesday,0
2023-07-13,2023,Q3,7,July,2023-07,2023-07-01,28,Thursday,0
2023-07-14,2023,Q3,7,July,2023-07,2023-07-01,28,Friday,0
2023-07-15,2023,Q3,7,July,2023-07,2023-07-01,28,Saturday,1
2023-07-16,2023,Q3,7,July,2023-07,2023-07-01,28,Sunday,1
2023-07-17,2023,Q3,7,July,2023-07,2023-07-01,29,Monday,0
2023-07-18,2023,Q3,7,July,2023-07,2023-07-01,29,Tuesday,0
2023-07-19,2023,Q3,7,July,2023-07,2023-07-01,29,Wednesday,0
2023-07-20,2023,Q3,7,July,2023-07,2023-07-01,29,Thursday,0
2023-07-21,2023,Q3,7,July,2023-07,2023-07-01,29,Friday,0
2023-07-22,2023,Q3,7,July,2023-07,2023-07-01,29,Saturday,1
2023-07-23,2023,Q3,7,July,2023-07,2023-07-01,29,Sunday,1
2023-07-24,2023,Q3,7,July,2023-07,2023-07-01,30,Monday,0
2023-07-25,2023,Q3,7,July,2023-07,2023-07-01,30,Tuesday,0
2023-07-26,2023,Q3,7,July,2023-07,2023-07-01,30,Wednesday,0
2023-07-27,2023,Q3,7,July,2023-07,2023-07-01,30,Thursday,0
2023-07-28,2023,Q3,7,July,2023-07,2023-07-01,30,Friday,0
2023-07-29,2023,Q3,7,July,2023-07,2023-07-01,30,Saturday,1
2023-07-30,2023,Q3,7,July,2023-07,2023-07-01,30,Sunday,1
2023-07-31,2023,Q3,7,July,2023-07,2023-07-01,31,Monday,0
2023-08-01,2023,Q3,8,August,2023-08,2023-08-01,31,Tuesday,0
2023-08-02,2023,Q3,8,August,2023-08,2023-08-01,31,Wednesday,0
2023-08-03,2023,Q3,8,August,2023-08,2023-08-01,31,Thursday,0
2023-08-04,2023,Q3,8,August,2023-08,2023-08-01,31,Friday,0
2023-08-05,2023,Q3,8,August,2023-08,2023-08-01,31,Saturday,1
2023-08-06,2023,Q3,8,August,2023-08,2023-08-01,31,Sunday,1
2023-08-07,2023,Q3,8,August,2023-08,2023-08-01,32,Monday,0
2023-08-08,2023,Q3,8,August,2023-08,2023-08-01,32,Tuesday,0
2023-08-09,2023,Q3,8,August,2023-08,2023-08-01,32,Wednesday,0
2023-08-10,2023,Q3,8,August,2023-08,2023-08-01,32,Thursday,0
2023-08-11,2023,Q3,8,August,2023-08,2023-08-01,32,Friday,0
2023-08-12,2023,Q3,8,August,2023-08,2023-08-01,32,Saturday,1
2023-08-13,2023,Q3,8,August,2023-08,2023-08-01,32,Sunday,1
2023-08-14,2023,Q3,8,August,2023-08,2023-08-01,33,Monday,0
2023-08-15,2023,Q3,8,August,2023-08,2023-08-01,33,Tuesday,0
2023-08-16,2023,Q3,8,August,2023-08,2023-08-01,33,Wednesday,0
2023-08-17,2023,Q3,8,August,2023-08,2023-08-01,33,Thursday,0
2023-08-18,2023,Q3,8,August,2023-08,2023-08-01,33,Friday,0
2023-08-19,2023,Q3,8,August,2023-08,2023-08-01,33,Saturday,1
2023-08-20,2023,Q3,8,August,2023-08,2023-08-01,33,Sunday,1
2023-08-21,2023,Q3,8,August,2023-08,2023-08-01,34,Monday,0
2023-08-22,2023,Q3,8,August,2023-08,2023-08-01,34,Tuesday,0
2023-08-23,2023,Q3,8,August,2023-08,2023-08-01,34,Wednesday,0
2023-08-24,2023,Q3,8,August,2023-08,2023-08-01,34,Thursday,0
2023-08-25,2023,Q3,8,August,2023-08,2023-08-01,34,Friday,0
2023-08-26,2023,Q3,8,August,2023-08,2023-08-01,34,Saturday,1
2023-08-27,2023,Q3,8,August,2023-08,2023-08-01,34,Sunday,1
2023-08-28,2023,Q3,8,August,2023-08,2023-08-01,35,Monday,0
2023-08-29,2023,Q3,8,August,2023-08,2023-08-01,35,Tuesday,0
2023-08-30,2023,Q3,8,August,2023-08,2023-08-01,35,Wednesday,0
2023-08-31,2023,Q3,8,August,2023-08,2023-08-01,35,Thursday,0
2023-09-01,2023,Q3,9,September,2023-09,2023-09-01,35,Friday,0
2023-09-02,2023,Q3,9,September,2023-09,2023-09-01,35,Saturday,1
2023-09-03,2023,Q3,9,September,2023-09,2023-09-01,35,Sunday,1
2023-09-04,2023,Q3,9,September,2023-09,2023-09-01,36,Monday,0
2023-09-05,2023,Q3,9,September,2023-09,2023-09-01,36,Tuesday,0
2023-09-06,2023,Q3,9,September,2023-09,2023-09-01,36,Wednesday,0
2023-09-07,2023,Q3,9,September,2023-09,2023-09-01,36,Thursday,0
2023-09-08,2023,Q3,9,September,2023-09,2023-09-01,36,Friday,0
2023-09-09,2023,Q3,9,September,2023-09,2023-09-01,36,Saturday,1
2023-09-10,2023,Q3,9,September,2023-09,2023-09-01,36,Sunday,1
2023-09-11,2023,Q3,9,September,2023-09,2023-09-01,37,Monday,0
2023-09-12,2023,Q3,9,September,2023-09,2023-09-01,37,Tuesday,0
2023-09-13,2023,Q3,9,September,2023-09,2023-09-01,37,Wednesday,0
2023-09-14,2023,Q3,9,September,2023-09,2023-09-01,37,Thursday,0
2023-09-15,2023,Q3,9,September,2023-09,2023-09-01,37,Friday,0
2023-09-16,2023,Q3,9,September,2023-09,2023-09-01,37,Saturday,1
2023-09-17,2023,Q3,9,September,2023-09,2023-09-01,37,Sunday,1
2023-09-18,2023,Q3,9,September,2023-09,2023-09-01,38,Monday,0
2023-09-19,2023,Q3,9,September,2023-09,2023-09-01,38,Tuesday,0
2023-09-20,2023,Q3,9,September,2023-09,2023-09-01,38,Wednesday,0
2023-09-21,2023,Q3,9,September,2023-09,2023-09-01,38,Thursday,0
2023-09-22,2023,Q3,9,September,2023-09,2023-09-01,38,Friday,0
2023-09-23,2023,Q3,9,September,2023-09,2023-09-01,38,Saturday,1
2023-09-24,2023,Q3,9,September,2023-09,2023-09-01,38,Sunday,1
2023-09-25,2023,Q3,9,September,2023-09,2023-09-01,39,Monday,0
2023-09-26,2023,Q3,9,September,2023-09,2023-09-01,39,Tuesday,0
2023-09-27,2023,Q3,9,September,2023-09,2023-09-01,39,Wednesday,0
2023-09-28,2023,Q3,9,September,2023-09,2023-09-01,39,Thursday,0
2023-09-29,2023,Q3,9,September,2023-09,2023-09-01,39,Friday,0
2023-09-30,2023,Q3,9,September,2023-09,2023-09-01,39,Saturday,1
2023-10-01,2023,Q4,10,October,2023-10,2023-10-01,39,Sunday,1
2023-10-02,2023,Q4,10,October,2023-10,2023-10-01,40,Monday,0
2023-10-03,2023,Q4,10,October,2023-10,2023-10-01,40,Tuesday,0
2023-10-04,2023,Q4,10,October,2023-10,2023-10-01,40,Wednesday,0
2023-10-05,2023,Q4,10,October,2023-10,2023-10-01,40,Thursday,0
2023-10-06,2023,Q4,10,October,2023-10,2023-10-01,40,Friday,0
2023-10-07,2023,Q4,10,October,2023-10,2023-10-01,40,Saturday,1
2023-10-08,2023,Q4,10,October,2023-10,2023-10-01,40,Sunday,1
2023-10-09,2023,Q4,10,October,2023-10,2023-10-01,41,Monday,0
2023-10-10,2023,Q4,10,October,2023-10,2023-10-01,41,Tuesday,0
2023-10-11,2023,Q4,10,October,2023-10,2023-10-01,41,Wednesday,0
2023-10-12,2023,Q4,10,October,2023-10,2023-10-01,41,Thursday,0
2023-10-13,2023,Q4,10,October,2023-10,2023-10-01,41,Friday,0
2023-10-14,2023,Q4,10,October,2023-10,2023-10-01,41,Saturday,1
2023-10-15,2023,Q4,10,October,2023-10,2023-10-01,41,Sunday,1
2023-10-16,2023,Q4,10,October,2023-10,2023-10-01,42,Monday,0
2023-10-17,2023,Q4,10,October,2023-10,2023-10-01,42,Tuesday,0
2023-10-18,2023,Q4,10,October,2023-10,2023-10-01,42,Wednesday,0
2023-10-19,2023,Q4,10,October,2023-10,2023-10-01,42,Thursday,0
2023-10-20,2023,Q4,10,October,2023-10,2023-10-01,42,Friday,0
2023-10-21,2023,Q4,10,October,2023-10,2023-10-01,42,Saturday,1
2023-10-22,2023,Q4,10,October,2023-10,2023-10-01,42,Sunday,1
2023-10-23,2023,Q4,10,October,2023-10,2023-10-01,43,Monday,0
2023-10-24,2023,Q4,10,October,2023-10,2023-10-01,43,Tuesday,0
2023-10-25,2023,Q4,10,October,2023-10,2023-10-01,43,Wednesday,0
2023-10-26,2023,Q4,10,October,2023-10,2023-10-01,43,Thursday,0
2023-10-27,2023,Q4,10,October,2023-10,2023-10-01,43,Friday,0
2023-10-28,2023,Q4,10,October,2023-10,2023-10-01,43,Saturday,1
2023-10-29,2023,Q4,10,October,2023-10,2023-10-01,43,Sunday,1
2023-10-30,2023,Q4,10,October,2023-10,2023-10-01,44,Monday,0
2023-10-31,2023,Q4,10,October,2023-10,2023-10-01,44,Tuesday,0
2023-11-01,2023,Q4,11,November,2023-11,2023-11-01,44,Wednesday,0
2023-11-02,2023,Q4,11,November,2023-11,2023-11-01,44,Thursday,0
2023-11-03,2023,Q4,11,November,2023-11,2023-11-01,44,Friday,0
2023-11-04,2023,Q4,11,November,2023-11,2023-11-01,44,Saturday,1
2023-11-05,2023,Q4,11,November,2023-11,2023-11-01,44,Sunday,1
2023-11-06,2023,Q4,11,November,2023-11,2023-11-01,45,Monday,0
2023-11-07,2023,Q4,11,November,2023-11,2023-11-01,45,Tuesday,0
2023-11-08,2023,Q4,11,November,2023-11,2023-11-01,45,Wednesday,0
2023-11-09,2023,Q4,11,November,2023-11,2023-11-01,45,Thursday,0
2023-11-10,2023,Q4,11,November,2023-11,2023-11-01,45,Friday,0
2023-11-11,2023,Q4,11,November,2023-11,2023-11-01,45,Saturday,1
2023-11-12,2023,Q4,11,November,2023-11,2023-11-01,45,Sunday,1
2023-11-13,2023,Q4,11,November,2023-11,2023-11-01,46,Monday,0
2023-11-14,2023,Q4,11,November,2023-11,2023-11-01,46,Tuesday,0
2023-11-15,2023,Q4,11,November,2023-11,2023-11-01,46,Wednesday,0
2023-11-16,2023,Q4,11,November,2023-11,2023-11-01,46,Thursday,0
2023-11-17,2023,Q4,11,November,2023-11,2023-11-01,46,Friday,0
2023-11-18,2023,Q4,11,November,2023-11,2023-11-01,46,Saturday,1
2023-11-19,2023,Q4,11,November,2023-11,2023-11-01,46,Sunday,1
2023-11-20,2023,Q4,11,November,2023-11,2023-11-01,47,Monday,0
2023-11-21,2023,Q4,11,November,2023-11,2023-11-01,47,Tuesday,0
2023-11-22,2023,Q4,11,November,2023-11,2023-11-01,47,Wednesday,0
2023-11-23,2023,Q4,11,November,2023-11,2023-11-01,47,Thursday,0
2023-11-24,2023,Q4,11,November,2023-11,2023-11-01,47,Friday,0
2023-11-25,2023,Q4,11,November,2023-11,2023-11-01,47,Saturday,1
2023-11-26,2023,Q4,11,November,2023-11,2023-11-01,47,Sunday,1
2023-11-27,2023,Q4,11,November,2023-11,2023-11-01,48,Monday,0
2023-11-28,2023,Q4,11,November,2023-11,2023-11-01,48,Tuesday,0
2023-11-29,2023,Q4,11,November,2023-11,2023-11-01,48,Wednesday,0
2023-11-30,2023,Q4,11,November,2023-11,2023-11-01,48,Thursday,0
2023-12-01,2023,Q4,12,December,2023-12,2023-12-01,48,Friday,0
2023-12-02,2023,Q4,12,December,2023-12,2023-12-01,48,Saturday,1
2023-12-03,2023,Q4,12,December,2023-12,2023-12-01,48,Sunday,1
2023-12-04,2023,Q4,12,December,2023-12,2023-12-01,49,Monday,0
2023-12-05,2023,Q4,12,December,2023-12,2023-12-01,49,Tuesday,0
2023-12-06,2023,Q4,12,December,2023-12,2023-12-01,49,Wednesday,0
2023-12-07,2023,Q4,12,December,2023-12,2023-12-01,49,Thursday,0
2023-12-08,2023,Q4,12,December,2023-12,2023-12-01,49,Friday,0
2023-12-09,2023,Q4,12,December,2023-12,2023-12-01,49,Saturday,1
2023-12-10,2023,Q4,12,December,2023-12,2023-12-01,49,Sunday,1
2023-12-11,2023,Q4,12,December,2023-12,2023-12-01,50,Monday,0
2023-12-12,2023,Q4,12,December,2023-12,2023-12-01,50,Tuesday,0
2023-12-13,2023,Q4,12,December,2023-12,2023-12-01,50,Wednesday,0
2023-12-14,2023,Q4,12,December,2023-12,2023-12-01,50,Thursday,0
2023-12-15,2023,Q4,12,December,2023-12,2023-12-01,50,Friday,0
2023-12-16,2023,Q4,12,December,2023-12,2023-12-01,50,Saturday,1
2023-12-17,2023,Q4,12,December,2023-12,2023-12-01,50,Sunday,1
2023-12-18,2023,Q4,12,December,2023-12,2023-12-01,51,Monday,0
2023-12-19,2023,Q4,12,December,2023-12,2023-12-01,51,Tuesday,0
2023-12-20,2023,Q4,12,December,2023-12,2023-12-01,51,Wednesday,0
2023-12-21,2023,Q4,12,December,2023-12,2023-12-01,51,Thursday,0
2023-12-22,2023,Q4,12,December,2023-12,2023-12-01,51,Friday,0
2023-12-23,2023,Q4,12,December,2023-12,2023-12-01,51,Saturday,1
2023-12-24,2023,Q4,12,December,2023-12,2023-12-01,51,Sunday,1
2023-12-25,2023,Q4,12,December,2023-12,2023-12-01,52,Monday,0
2023-12-26,2023,Q4,12,December,2023-12,2023-12-01,52,Tuesday,0
2023-12-27,2023,Q4,12,December,2023-12,2023-12-01,52,Wednesday,0
2023-12-28,2023,Q4,12,December,2023-12,2023-12-01,52,Thursday,0
2023-12-29,2023,Q4,12,December,2023-12,2023-12-01,52,Friday,0
2023-12-30,2023,Q4,12,December,2023-12,2023-12-01,52,Saturday,1
2023-12-31,2023,Q4,12,December,2023-12,2023-12-01,52,Sunday,1
2024-01-01,2024,Q1,1,January,2024-01,2024-01-01,1,Monday,0
2024-01-02,2024,Q1,1,January,2024-01,2024-01-01,1,Tuesday,0
2024-01-03,2024,Q1,1,January,2024-01,2024-01-01,1,Wednesday,0
2024-01-04,2024,Q1,1,January,2024-01,2024-01-01,1,Thursday,0
2024-01-05,2024,Q1,1,January,2024-01,2024-01-01,1,Friday,0
2024-01-06,2024,Q1,1,January,2024-01,2024-01-01,1,Saturday,1
2024-01-07,2024,Q1,1,January,2024-01,2024-01-01,1,Sunday,1
2024-01-08,2024,Q1,1,January,2024-01,2024-01-01,2,Monday,0
2024-01-09,2024,Q1,1,January,2024-01,2024-01-01,2,Tuesday,0
2024-01-10,2024,Q1,1,January,2024-01,2024-01-01,2,Wednesday,0
2024-01-11,2024,Q1,1,January,2024-01,2024-01-01,2,Thursday,0
2024-01-12,2024,Q1,1,January,2024-01,2024-01-01,2,Friday,0
2024-01-13,2024,Q1,1,January,2024-01,2024-01-01,2,Saturday,1
2024-01-14,2024,Q1,1,January,2024-01,2024-01-01,2,Sunday,1
2024-01-15,2024,Q1,1,January,2024-01,2024-01-01,3,Monday,0
2024-01-16,2024,Q1,1,January,2024-01,2024-01-01,3,Tuesday,0
2024-01-17,2024,Q1,1,January,2024-01,2024-01-01,3,Wednesday,0
2024-01-18,2024,Q1,1,January,2024-01,2024-01-01,3,Thursday,0
2024-01-19,2024,Q1,1,January,2024-01,2024-01-01,3,Friday,0
2024-01-20,2024,Q1,1,January,2024-01,2024-01-01,3,Saturday,1
2024-01-21,2024,Q1,1,January,2024-01,2024-01-01,3,Sunday,1
2024-01-22,2024,Q1,1,January,2024-01,2024-01-01,4,Monday,0
2024-01-23,2024,Q1,1,January,2024-01,2024-01-01,4,Tuesday,0
2024-01-24,2024,Q1,1,January,2024-01,2024-01-01,4,Wednesday,0
2024-01-25,2024,Q1,1,January,2024-01,2024-01-01,4,Thursday,0
2024-01-26,2024,Q1,1,January,2024-01,2024-01-01,4,Friday,0
2024-01-27,2024,Q1,1,January,2024-01,2024-01-01,4,Saturday,1
2024-01-28,2024,Q1,1,January,2024-01,2024-01-01,4,Sunday,1
2024-01-29,2024,Q1,1,January,2024-01,2024-01-01,5,Monday,0
2024-01-30,2024,Q1,1,January,2024-01,2024-01-01,5,Tuesday,0
2024-01-31,2024,Q1,1,January,2024-01,2024-01-01,5,Wednesday,0
2024-02-01,2024,Q1,2,February,2024-02,2024-02-01,5,Thursday,0
2024-02-02,2024,Q1,2,February,2024-02,2024-02-01,5,Friday,0
2024-02-03,2024,Q1,2,February,2024-02,2024-02-01,5,Saturday,1
2024-02-04,2024,Q1,2,February,2024-02,2024-02-01,5,Sunday,1
2024-02-05,2024,Q1,2,February,2024-02,2024-02-01,6,Monday,0
2024-02-06,2024,Q1,2,February,2024-02,2024-02-01,6,Tuesday,0
2024-02-07,2024,Q1,2,February,2024-02,2024-02-01,6,Wednesday,0
2024-02-08,2024,Q1,2,February,2024-02,2024-02-01,6,Thursday,0
2024-02-09,2024,Q1,2,February,2024-02,2024-02-01,6,Friday,0
2024-02-10,2024,Q1,2,February,2024-02,2024-02-01,6,Saturday,1
2024-02-11,2024,Q1,2,February,2024-02,2024-02-01,6,Sunday,1
2024-02-12,2024,Q1,2,February,2024-02,2024-02-01,7,Monday,0
2024-02-13,2024,Q1,2,February,2024-02,2024-02-01,7,Tuesday,0
2024-02-14,2024,Q1,2,February,2024-02,2024-02-01,7,Wednesday,0
2024-02-15,2024,Q1,2,February,2024-02,2024-02-01,7,Thursday,0
2024-02-16,2024,Q1,2,February,2024-02,2024-02-01,7,Friday,0
2024-02-17,2024,Q1,2,February,2024-02,2024-02-01,7,Saturday,1
2024-02-18,2024,Q1,2,February,2024-02,2024-02-01,7,Sunday,1
2024-02-19,2024,Q1,2,February,2024-02,2024-02-01,8,Monday,0
2024-02-20,2024,Q1,2,February,2024-02,2024-02-01,8,Tuesday,0
2024-02-21,2024,Q1,2,February,2024-02,2024-02-01,8,Wednesday,0
2024-02-22,2024,Q1,2,February,2024-02,2024-02-01,8,Thursday,0
2024-02-23,2024,Q1,2,February,2024-02,2024-02-01,8,Friday,0
2024-02-24,2024,Q1,2,February,2024-02,2024-02-01,8,Saturday,1
2024-02-25,2024,Q1,2,February,2024-02,2024-02-01,8,Sunday,1
2024-02-26,2024,Q1,2,February,2024-02,2024-02-01,9,Monday,0
2024-02-27,2024,Q1,2,February,2024-02,2024-02-01,9,Tuesday,0
2024-02-28,2024,Q1,2,February,2024-02,2024-02-01,9,Wednesday,0
2024-02-29,2024,Q1,2,February,2024-02,2024-02-01,9,Thursday,0
2024-03-01,2024,Q1,3,March,2024-03,2024-03-01,9,Friday,0
2024-03-02,2024,Q1,3,March,2024-03,2024-03-01,9,Saturday,1
2024-03-03,2024,Q1,3,March,2024-03,2024-03-01,9,Sunday,1
2024-03-04,2024,Q1,3,March,2024-03,2024-03-01,10,Monday,0
2024-03-05,2024,Q1,3,March,2024-03,2024-03-01,10,Tuesday,0
2024-03-06,2024,Q1,3,March,2024-03,2024-03-01,10,Wednesday,0
2024-03-07,2024,Q1,3,March,2024-03,2024-03-01,10,Thursday,0
2024-03-08,2024,Q1,3,March,2024-03,2024-03-01,10,Friday,0
2024-03-09,2024,Q1,3,March,2024-03,2024-03-01,10,Saturday,1
2024-03-10,2024,Q1,3,March,2024-03,2024-03-01,10,Sunday,1
2024-03-11,2024,Q1,3,March,2024-03,2024-03-01,11,Monday,0
2024-03-12,2024,Q1,3,March,2024-03,2024-03-01,11,Tuesday,0
2024-03-13,2024,Q1,3,March,2024-03,2024-03-01,11,Wednesday,0
2024-03-14,2024,Q1,3,March,2024-03,2024-03-01,11,Thursday,0
2024-03-15,2024,Q1,3,March,2024-03,2024-03-01,11,Friday,0
2024-03-16,2024,Q1,3,March,2024-03,2024-03-01,11,Saturday,1
2024-03-17,2024,Q1,3,March,2024-03,2024-03-01,11,Sunday,1
2024-03-18,2024,Q1,3,March,2024-03,2024-03-01,12,Monday,0
2024-03-19,2024,Q1,3,March,2024-03,2024-03-01,12,Tuesday,0
2024-03-20,2024,Q1,3,March,2024-03,2024-03-01,12,Wednesday,0
2024-03-21,2024,Q1,3,March,2024-03,2024-03-01,12,Thursday,0
2024-03-22,2024,Q1,3,March,2024-03,2024-03-01,12,Friday,0
2024-03-23,2024,Q1,3,March,2024-03,2024-03-01,12,Saturday,1
2024-03-24,2024,Q1,3,March,2024-03,2024-03-01,12,Sunday,1
2024-03-25,2024,Q1,3,March,2024-03,2024-03-01,13,Monday,0
2024-03-26,2024,Q1,3,March,2024-03,2024-03-01,13,Tuesday,0
2024-03-27,2024,Q1,3,March,2024-03,2024-03-01,13,Wednesday,0
2024-03-28,2024,Q1,3,March,2024-03,2024-03-01,13,Thursday,0
2024-03-29,2024,Q1,3,March,2024-03,2024-03-01,13,Friday,0
2024-03-30,2024,Q1,3,March,2024-03,2024-03-01,13,Saturday,1
2024-03-31,2024,Q1,3,March,2024-03,2024-03-01,13,Sunday,1
2024-04-01,2024,Q2,4,April,2024-04,2024-04-01,14,Monday,0
2024-04-02,2024,Q2,4,April,2024-04,2024-04-01,14,Tuesday,0
2024-04-03,2024,Q2,4,April,2024-04,2024-04-01,14,Wednesday,0
2024-04-04,2024,Q2,4,April,2024-04,2024-04-01,14,Thursday,0
2024-04-05,2024,Q2,4,April,2024-04,2024-04-01,14,Friday,0
2024-04-06,2024,Q2,4,April,2024-04,2024-04-01,14,Saturday,1
2024-04-07,2024,Q2,4,April,2024-04,2024-04-01,14,Sunday,1
2024-04-08,2024,Q2,4,April,2024-04,2024-04-01,15,Monday,0
2024-04-09,2024,Q2,4,April,2024-04,2024-04-01,15,Tuesday,0
2024-04-10,2024,Q2,4,April,2024-04,2024-04-01,15,Wednesday,0
2024-04-11,2024,Q2,4,April,2024-04,2024-04-01,15,Thursday,0
2024-04-12,2024,Q2,4,April,2024-04,2024-04-01,15,Friday,0
2024-04-13,2024,Q2,4,April,2024-04,2024-04-01,15,Saturday,1
2024-04-14,2024,Q2,4,April,2024-04,2024-04-01,15,Sunday,1
2024-04-15,2024,Q2,4,April,2024-04,2024-04-01,16,Monday,0
2024-04-16,2024,Q2,4,April,2024-04,2024-04-01,16,Tuesday,0
2024-04-17,2024,Q2,4,April,2024-04,2024-04-01,16,Wednesday,0
2024-04-18,2024,Q2,4,April,2024-04,2024-04-01,16,Thursday,0
2024-04-19,2024,Q2,4,April,2024-04,2024-04-01,16,Friday,0
2024-04-20,2024,Q2,4,April,2024-04,2024-04-01,16,Saturday,1
2024-04-21,2024,Q2,4,April,2024-04,2024-04-01,16,Sunday,1
2024-04-22,2024,Q2,4,April,2024-04,2024-04-01,17,Monday,0
2024-04-23,2024,Q2,4,April,2024-04,2024-04-01,17,Tuesday,0
2024-04-24,2024,Q2,4,April,2024-04,2024-04-01,17,Wednesday,0
2024-04-25,2024,Q2,4,April,2024-04,2024-04-01,17,Thursday,0
2024-04-26,2024,Q2,4,April,2024-04,2024-04-01,17,Friday,0
2024-04-27,2024,Q2,4,April,2024-04,2024-04-01,17,Saturday,1
2024-04-28,2024,Q2,4,April,2024-04,2024-04-01,17,Sunday,1
2024-04-29,2024,Q2,4,April,2024-04,2024-04-01,18,Monday,0
2024-04-30,2024,Q2,4,April,2024-04,2024-04-01,18,Tuesday,0
2024-05-01,2024,Q2,5,May,2024-05,2024-05-01,18,Wednesday,0
2024-05-02,2024,Q2,5,May,2024-05,2024-05-01,18,Thursday,0
2024-05-03,2024,Q2,5,May,2024-05,2024-05-01,18,Friday,0
2024-05-04,2024,Q2,5,May,2024-05,2024-05-01,18,Saturday,1
2024-05-05,2024,Q2,5,May,2024-05,2024-05-01,18,Sunday,1
2024-05-06,2024,Q2,5,May,2024-05,2024-05-01,19,Monday,0
2024-05-07,2024,Q2,5,May,2024-05,2024-05-01,19,Tuesday,0
2024-05-08,2024,Q2,5,May,2024-05,2024-05-01,19,Wednesday,0
2024-05-09,2024,Q2,5,May,2024-05,2024-05-01,19,Thursday,0
2024-05-10,2024,Q2,5,May,2024-05,2024-05-01,19,Friday,0
2024-05-11,2024,Q2,5,May,2024-05,2024-05-01,19,Saturday,1
2024-05-12,2024,Q2,5,May,2024-05,2024-05-01,19,Sunday,1
2024-05-13,2024,Q2,5,May,2024-05,2024-05-01,20,Monday,0
2024-05-14,2024,Q2,5,May,2024-05,2024-05-01,20,Tuesday,0
2024-05-15,2024,Q2,5,May,2024-05,2024-05-01,20,Wednesday,0
2024-05-16,2024,Q2,5,May,2024-05,2024-05-01,20,Thursday,0
2024-05-17,2024,Q2,5,May,2024-05,2024-05-01,20,Friday,0
2024-05-18,2024,Q2,5,May,2024-05,2024-05-01,20,Saturday,1
2024-05-19,2024,Q2,5,May,2024-05,2024-05-01,20,Sunday,1
2024-05-20,2024,Q2,5,May,2024-05,2024-05-01,21,Monday,0
2024-05-21,2024,Q2,5,May,2024-05,2024-05-01,21,Tuesday,0
2024-05-22,2024,Q2,5,May,2024-05,2024-05-01,21,Wednesday,0
2024-05-23,2024,Q2,5,May,2024-05,2024-05-01,21,Thursday,0
2024-05-24,2024,Q2,5,May,2024-05,2024-05-01,21,Friday,0
2024-05-25,2024,Q2,5,May,2024-05,2024-05-01,21,Saturday,1
2024-05-26,2024,Q2,5,May,2024-05,2024-05-01,21,Sunday,1
2024-05-27,2024,Q2,5,May,2024-05,2024-05-01,22,Monday,0
2024-05-28,2024,Q2,5,May,2024-05,2024-05-01,22,Tuesday,0
2024-05-29,2024,Q2,5,May,2024-05,2024-05-01,22,Wednesday,0
2024-05-30,2024,Q2,5,May,2024-05,2024-05-01,22,Thursday,0
2024-05-31,2024,Q2,5,May,2024-05,2024-05-01,22,Friday,0
2024-06-01,2024,Q2,6,June,2024-06,2024-06-01,22,Saturday,1
2024-06-02,2024,Q2,6,June,2024-06,2024-06-01,22,Sunday,1
2024-06-03,2024,Q2,6,June,2024-06,2024-06-01,23,Monday,0
2024-06-04,2024,Q2,6,June,2024-06,2024-06-01,23,Tuesday,0
2024-06-05,2024,Q2,6,June,2024-06,2024-06-01,23,Wednesday,0
2024-06-06,2024,Q2,6,June,2024-06,2024-06-01,23,Thursday,0
2024-06-07,2024,Q2,6,June,2024-06,2024-06-01,23,Friday,0
2024-06-08,2024,Q2,6,June,2024-06,2024-06-01,23,Saturday,1
2024-06-09,2024,Q2,6,June,2024-06,2024-06-01,23,Sunday,1
2024-06-10,2024,Q2,6,June,2024-06,2024-06-01,24,Monday,0
2024-06-11,2024,Q2,6,June,2024-06,2024-06-01,24,Tuesday,0
2024-06-12,2024,Q2,6,June,2024-06,2024-06-01,24,Wednesday,0
2024-06-13,2024,Q2,6,June,2024-06,2024-06-01,24,Thursday,0
2024-06-14,2024,Q2,6,June,2024-06,2024-06-01,24,Friday,0
2024-06-15,2024,Q2,6,June,2024-06,2024-06-01,24,Saturday,1
2024-06-16,2024,Q2,6,June,2024-06,2024-06-01,24,Sunday,1
2024-06-17,2024,Q2,6,June,2024-06,2024-06-01,25,Monday,0
2024-06-18,2024,Q2,6,June,2024-06,2024-06-01,25,Tuesday,0
2024-06-19,2024,Q2,6,June,2024-06,2024-06-01,25,Wednesday,0
2024-06-20,2024,Q2,6,June,2024-06,2024-06-01,25,Thursday,0
2024-06-21,2024,Q2,6,June,2024-06,2024-06-01,25,Friday,0
2024-06-22,2024,Q2,6,June,2024-06,2024-06-01,25,Saturday,1
2024-06-23,2024,Q2,6,June,2024-06,2024-06-01,25,Sunday,1
2024-06-24,2024,Q2,6,June,2024-06,2024-06-01,26,Monday,0
2024-06-25,2024,Q2,6,June,2024-06,2024-06-01,26,Tuesday,0
2024-06-26,2024,Q2,6,June,2024-06,2024-06-01,26,Wednesday,0
2024-06-27,2024,Q2,6,June,2024-06,2024-06-01,26,Thursday,0
2024-06-28,2024,Q2,6,June,2024-06,2024-06-01,26,Friday,0
2024-06-29,2024,Q2,6,June,2024-06,2024-06-01,26,Saturday,1
2024-06-30,2024,Q2,6,June,2024-06,2024-06-01,26,Sunday,1
2024-07-01,2024,Q3,7,July,2024-07,2024-07-01,27,Monday,0
2024-07-02,2024,Q3,7,July,2024-07,2024-07-01,27,Tuesday,0
2024-07-03,2024,Q3,7,July,2024-07,2024-07-01,27,Wednesday,0
2024-07-04,2024,Q3,7,July,2024-07,2024-07-01,27,Thursday,0
2024-07-05,2024,Q3,7,July,2024-07,2024-07-01,27,Friday,0
2024-07-06,2024,Q3,7,July,2024-07,2024-07-01,27,Saturday,1
2024-07-07,2024,Q3,7,July,2024-07,2024-07-01,27,Sunday,1
2024-07-08,2024,Q3,7,July,2024-07,2024-07-01,28,Monday,0
2024-07-09,2024,Q3,7,July,2024-07,2024-07-01,28,Tuesday,0
2024-07-10,2024,Q3,7,July,2024-07,2024-07-01,28,Wednesday,0
2024-07-11,2024,Q3,7,July,2024-07,2024-07-01,28,Thursday,0
2024-07-12,2024,Q3,7,July,2024-07,2024-07-01,28,Friday,0
2024-07-13,2024,Q3,7,July,2024-07,2024-07-01,28,Saturday,1
2024-07-14,2024,Q3,7,July,2024-07,2024-07-01,28,Sunday,1
2024-07-15,2024,Q3,7,July,2024-07,2024-07-01,29,Monday,0
2024-07-16,2024,Q3,7,July,2024-07,2024-07-01,29,Tuesday,0
2024-07-17,2024,Q3,7,July,2024-07,2024-07-01,29,Wednesday,0
2024-07-18,2024,Q3,7,July,2024-07,2024-07-01,29,Thursday,0
2024-07-19,2024,Q3,7,July,2024-07,2024-07-01,29,Friday,0
2024-07-20,2024,Q3,7,July,2024-07,2024-07-01,29,Saturday,1
2024-07-21,2024,Q3,7,July,2024-07,2024-07-01,29,Sunday,1
2024-07-22,2024,Q3,7,July,2024-07,2024-07-01,30,Monday,0
2024-07-23,2024,Q3,7,July,2024-07,2024-07-01,30,Tuesday,0
2024-07-24,2024,Q3,7,July,2024-07,2024-07-01,30,Wednesday,0
2024-07-25,2024,Q3,7,July,2024-07,2024-07-01,30,Thursday,0
2024-07-26,2024,Q3,7,July,2024-07,2024-07-01,30,Friday,0
2024-07-27,2024,Q3,7,July,2024-07,2024-07-01,30,Saturday,1
2024-07-28,2024,Q3,7,July,2024-07,2024-07-01,30,Sunday,1
2024-07-29,2024,Q3,7,July,2024-07,2024-07-01,31,Monday,0
2024-07-30,2024,Q3,7,July,2024-07,2024-07-01,31,Tuesday,0
2024-07-31,2024,Q3,7,July,2024-07,2024-07-01,31,Wednesday,0
2024-08-01,2024,Q3,8,August,2024-08,2024-08-01,31,Thursday,0
2024-08-02,2024,Q3,8,August,2024-08,2024-08-01,31,Friday,0
2024-08-03,2024,Q3,8,August,2024-08,2024-08-01,31,Saturday,1
2024-08-04,2024,Q3,8,August,2024-08,2024-08-01,31,Sunday,1
2024-08-05,2024,Q3,8,August,2024-08,2024-08-01,32,Monday,0
2024-08-06,2024,Q3,8,August,2024-08,2024-08-01,32,Tuesday,0
2024-08-07,2024,Q3,8,August,2024-08,2024-08-01,32,Wednesday,0
2024-08-08,2024,Q3,8,August,2024-08,2024-08-01,32,Thursday,0
2024-08-09,2024,Q3,8,August,2024-08,2024-08-01,32,Friday,0
2024-08-10,2024,Q3,8,August,2024-08,2024-08-01,32,Saturday,1
2024-08-11,2024,Q3,8,August,2024-08,2024-08-01,32,Sunday,1
2024-08-12,2024,Q3,8,August,2024-08,2024-08-01,33,Monday,0
2024-08-13,2024,Q3,8,August,2024-08,2024-08-01,33,Tuesday,0
2024-08-14,2024,Q3,8,August,2024-08,2024-08-01,33,Wednesday,0
2024-08-15,2024,Q3,8,August,2024-08,2024-08-01,33,Thursday,0
2024-08-16,2024,Q3,8,August,2024-08,2024-08-01,33,Friday,0
2024-08-17,2024,Q3,8,August,2024-08,2024-08-01,33,Saturday,1
2024-08-18,2024,Q3,8,August,2024-08,2024-08-01,33,Sunday,1
2024-08-19,2024,Q3,8,August,2024-08,2024-08-01,34,Monday,0
2024-08-20,2024,Q3,8,August,2024-08,2024-08-01,34,Tuesday,0
2024-08-21,2024,Q3,8,August,2024-08,2024-08-01,34,Wednesday,0
2024-08-22,2024,Q3,8,August,2024-08,2024-08-01,34,Thursday,0
2024-08-23,2024,Q3,8,August,2024-08,2024-08-01,34,Friday,0
2024-08-24,2024,Q3,8,August,2024-08,2024-08-01,34,Saturday,1
2024-08-25,2024,Q3,8,August,2024-08,2024-08-01,34,Sunday,1
2024-08-26,2024,Q3,8,August,2024-08,2024-08-01,35,Monday,0
2024-08-27,2024,Q3,8,August,2024-08,2024-08-01,35,Tuesday,0
2024-08-28,2024,Q3,8,August,2024-08,2024-08-01,35,Wednesday,0
2024-08-29,2024,Q3,8,August,2024-08,2024-08-01,35,Thursday,0
2024-08-30,2024,Q3,8,August,2024-08,2024-08-01,35,Friday,0
2024-08-31,2024,Q3,8,August,2024-08,2024-08-01,35,Saturday,1
2024-09-01,2024,Q3,9,September,2024-09,2024-09-01,35,Sunday,1
2024-09-02,2024,Q3,9,September,2024-09,2024-09-01,36,Monday,0
2024-09-03,2024,Q3,9,September,2024-09,2024-09-01,36,Tuesday,0
2024-09-04,2024,Q3,9,September,2024-09,2024-09-01,36,Wednesday,0
2024-09-05,2024,Q3,9,September,2024-09,2024-09-01,36,Thursday,0
2024-09-06,2024,Q3,9,September,2024-09,2024-09-01,36,Friday,0
2024-09-07,2024,Q3,9,September,2024-09,2024-09-01,36,Saturday,1
2024-09-08,2024,Q3,9,September,2024-09,2024-09-01,36,Sunday,1
2024-09-09,2024,Q3,9,September,2024-09,2024-09-01,37,Monday,0
2024-09-10,2024,Q3,9,September,2024-09,2024-09-01,37,Tuesday,0
2024-09-11,2024,Q3,9,September,2024-09,2024-09-01,37,Wednesday,0
2024-09-12,2024,Q3,9,September,2024-09,2024-09-01,37,Thursday,0
2024-09-13,2024,Q3,9,September,2024-09,2024-09-01,37,Friday,0
2024-09-14,2024,Q3,9,September,2024-09,2024-09-01,37,Saturday,1
2024-09-15,2024,Q3,9,September,2024-09,2024-09-01,37,Sunday,1
2024-09-16,2024,Q3,9,September,2024-09,2024-09-01,38,Monday,0
2024-09-17,2024,Q3,9,September,2024-09,2024-09-01,38,Tuesday,0
2024-09-18,2024,Q3,9,September,2024-09,2024-09-01,38,Wednesday,0
2024-09-19,2024,Q3,9,September,2024-09,2024-09-01,38,Thursday,0
2024-09-20,2024,Q3,9,September,2024-09,2024-09-01,38,Friday,0
2024-09-21,2024,Q3,9,September,2024-09,2024-09-01,38,Saturday,1
2024-09-22,2024,Q3,9,September,2024-09,2024-09-01,38,Sunday,1
2024-09-23,2024,Q3,9,September,2024-09,2024-09-01,39,Monday,0
2024-09-24,2024,Q3,9,September,2024-09,2024-09-01,39,Tuesday,0
2024-09-25,2024,Q3,9,September,2024-09,2024-09-01,39,Wednesday,0
2024-09-26,2024,Q3,9,September,2024-09,2024-09-01,39,Thursday,0
2024-09-27,2024,Q3,9,September,2024-09,2024-09-01,39,Friday,0
2024-09-28,2024,Q3,9,September,2024-09,2024-09-01,39,Saturday,1
2024-09-29,2024,Q3,9,September,2024-09,2024-09-01,39,Sunday,1
2024-09-30,2024,Q3,9,September,2024-09,2024-09-01,40,Monday,0
2024-10-01,2024,Q4,10,October,2024-10,2024-10-01,40,Tuesday,0
2024-10-02,2024,Q4,10,October,2024-10,2024-10-01,40,Wednesday,0
2024-10-03,2024,Q4,10,October,2024-10,2024-10-01,40,Thursday,0
2024-10-04,2024,Q4,10,October,2024-10,2024-10-01,40,Friday,0
2024-10-05,2024,Q4,10,October,2024-10,2024-10-01,40,Saturday,1
2024-10-06,2024,Q4,10,October,2024-10,2024-10-01,40,Sunday,1
2024-10-07,2024,Q4,10,October,2024-10,2024-10-01,41,Monday,0
2024-10-08,2024,Q4,10,October,2024-10,2024-10-01,41,Tuesday,0
2024-10-09,2024,Q4,10,October,2024-10,2024-10-01,41,Wednesday,0
2024-10-10,2024,Q4,10,October,2024-10,2024-10-01,41,Thursday,0
2024-10-11,2024,Q4,10,October,2024-10,2024-10-01,41,Friday,0
2024-10-12,2024,Q4,10,October,2024-10,2024-10-01,41,Saturday,1
2024-10-13,2024,Q4,10,October,2024-10,2024-10-01,41,Sunday,1
2024-10-14,2024,Q4,10,October,2024-10,2024-10-01,42,Monday,0
2024-10-15,2024,Q4,10,October,2024-10,2024-10-01,42,Tuesday,0
2024-10-16,2024,Q4,10,October,2024-10,2024-10-01,42,Wednesday,0
2024-10-17,2024,Q4,10,October,2024-10,2024-10-01,42,Thursday,0
2024-10-18,2024,Q4,10,October,2024-10,2024-10-01,42,Friday,0
2024-10-19,2024,Q4,10,October,2024-10,2024-10-01,42,Saturday,1
2024-10-20,2024,Q4,10,October,2024-10,2024-10-01,42,Sunday,1
2024-10-21,2024,Q4,10,October,2024-10,2024-10-01,43,Monday,0
2024-10-22,2024,Q4,10,October,2024-10,2024-10-01,43,Tuesday,0
2024-10-23,2024,Q4,10,October,2024-10,2024-10-01,43,Wednesday,0
2024-10-24,2024,Q4,10,October,2024-10,2024-10-01,43,Thursday,0
2024-10-25,2024,Q4,10,October,2024-10,2024-10-01,43,Friday,0
2024-10-26,2024,Q4,10,October,2024-10,2024-10-01,43,Saturday,1
2024-10-27,2024,Q4,10,October,2024-10,2024-10-01,43,Sunday,1
2024-10-28,2024,Q4,10,October,2024-10,2024-10-01,44,Monday,0
2024-10-29,2024,Q4,10,October,2024-10,2024-10-01,44,Tuesday,0
2024-10-30,2024,Q4,10,October,2024-10,2024-10-01,44,Wednesday,0
2024-10-31,2024,Q4,10,October,2024-10,2024-10-01,44,Thursday,0
2024-11-01,2024,Q4,11,November,2024-11,2024-11-01,44,Friday,0
2024-11-02,2024,Q4,11,November,2024-11,2024-11-01,44,Saturday,1
2024-11-03,2024,Q4,11,November,2024-11,2024-11-01,44,Sunday,1
2024-11-04,2024,Q4,11,November,2024-11,2024-11-01,45,Monday,0
2024-11-05,2024,Q4,11,November,2024-11,2024-11-01,45,Tuesday,0
2024-11-06,2024,Q4,11,November,2024-11,2024-11-01,45,Wednesday,0
2024-11-07,2024,Q4,11,November,2024-11,2024-11-01,45,Thursday,0
2024-11-08,2024,Q4,11,November,2024-11,2024-11-01,45,Friday,0
2024-11-09,2024,Q4,11,November,2024-11,2024-11-01,45,Saturday,1
2024-11-10,2024,Q4,11,November,2024-11,2024-11-01,45,Sunday,1
2024-11-11,2024,Q4,11,November,2024-11,2024-11-01,46,Monday,0
2024-11-12,2024,Q4,11,November,2024-11,2024-11-01,46,Tuesday,0
2024-11-13,2024,Q4,11,November,2024-11,2024-11-01,46,Wednesday,0
2024-11-14,2024,Q4,11,November,2024-11,2024-11-01,46,Thursday,0
2024-11-15,2024,Q4,11,November,2024-11,2024-11-01,46,Friday,0
2024-11-16,2024,Q4,11,November,2024-11,2024-11-01,46,Saturday,1
2024-11-17,2024,Q4,11,November,2024-11,2024-11-01,46,Sunday,1
2024-11-18,2024,Q4,11,November,2024-11,2024-11-01,47,Monday,0
2024-11-19,2024,Q4,11,November,2024-11,2024-11-01,47,Tuesday,0
2024-11-20,2024,Q4,11,November,2024-11,2024-11-01,47,Wednesday,0
2024-11-21,2024,Q4,11,November,2024-11,2024-11-01,47,Thursday,0
2024-11-22,2024,Q4,11,November,2024-11,2024-11-01,47,Friday,0
2024-11-23,2024,Q4,11,November,2024-11,2024-11-01,47,Saturday,1
2024-11-24,2024,Q4,11,November,2024-11,2024-11-01,47,Sunday,1
2024-11-25,2024,Q4,11,November,2024-11,2024-11-01,48,Monday,0
2024-11-26,2024,Q4,11,November,2024-11,2024-11-01,48,Tuesday,0
2024-11-27,2024,Q4,11,November,2024-11,2024-11-01,48,Wednesday,0
2024-11-28,2024,Q4,11,November,2024-11,2024-11-01,48,Thursday,0
2024-11-29,2024,Q4,11,November,2024-11,2024-11-01,48,Friday,0
2024-11-30,2024,Q4,11,November,2024-11,2024-11-01,48,Saturday,1
2024-12-01,2024,Q4,12,December,2024-12,2024-12-01,48,Sunday,1
2024-12-02,2024,Q4,12,December,2024-12,2024-12-01,49,Monday,0
2024-12-03,2024,Q4,12,December,2024-12,2024-12-01,49,Tuesday,0
2024-12-04,2024,Q4,12,December,2024-12,2024-12-01,49,Wednesday,0
2024-12-05,2024,Q4,12,December,2024-12,2024-12-01,49,Thursday,0
2024-12-06,2024,Q4,12,December,2024-12,2024-12-01,49,Friday,0
2024-12-07,2024,Q4,12,December,2024-12,2024-12-01,49,Saturday,1
2024-12-08,2024,Q4,12,December,2024-12,2024-12-01,49,Sunday,1
2024-12-09,2024,Q4,12,December,2024-12,2024-12-01,50,Monday,0
2024-12-10,2024,Q4,12,December,2024-12,2024-12-01,50,Tuesday,0
2024-12-11,2024,Q4,12,December,2024-12,2024-12-01,50,Wednesday,0
2024-12-12,2024,Q4,12,December,2024-12,2024-12-01,50,Thursday,0
2024-12-13,2024,Q4,12,December,2024-12,2024-12-01,50,Friday,0
2024-12-14,2024,Q4,12,December,2024-12,2024-12-01,50,Saturday,1
2024-12-15,2024,Q4,12,December,2024-12,2024-12-01,50,Sunday,1
2024-12-16,2024,Q4,12,December,2024-12,2024-12-01,51,Monday,0
2024-12-17,2024,Q4,12,December,2024-12,2024-12-01,51,Tuesday,0
2024-12-18,2024,Q4,12,December,2024-12,2024-12-01,51,Wednesday,0
2024-12-19,2024,Q4,12,December,2024-12,2024-12-01,51,Thursday,0
2024-12-20,2024,Q4,12,December,2024-12,2024-12-01,51,Friday,0
2024-12-21,2024,Q4,12,December,2024-12,2024-12-01,51,Saturday,1
2024-12-22,2024,Q4,12,December,2024-12,2024-12-01,51,Sunday,1
2024-12-23,2024,Q4,12,December,2024-12,2024-12-01,52,Monday,0
2024-12-24,2024,Q4,12,December,2024-12,2024-12-01,52,Tuesday,0
2024-12-25,2024,Q4,12,December,2024-12,2024-12-01,52,Wednesday,0
2024-12-26,2024,Q4,12,December,2024-12,2024-12-01,52,Thursday,0
2024-12-27,2024,Q4,12,December,2024-12,2024-12-01,52,Friday,0
2024-12-28,2024,Q4,12,December,2024-12,2024-12-01,52,Saturday,1
2024-12-29,2024,Q4,12,December,2024-12,2024-12-01,52,Sunday,1
2024-12-30,2024,Q4,12,December,2024-12,2024-12-01,1,Monday,0
2024-12-31,2024,Q4,12,December,2024-12,2024-12-01,1,Tuesday,0
2025-01-01,2025,Q1,1,January,2025-01,2025-01-01,1,Wednesday,0
2025-01-02,2025,Q1,1,January,2025-01,2025-01-01,1,Thursday,0
2025-01-03,2025,Q1,1,January,2025-01,2025-01-01,1,Friday,0
2025-01-04,2025,Q1,1,January,2025-01,2025-01-01,1,Saturday,1
2025-01-05,2025,Q1,1,January,2025-01,2025-01-01,1,Sunday,1
2025-01-06,2025,Q1,1,January,2025-01,2025-01-01,2,Monday,0
2025-01-07,2025,Q1,1,January,2025-01,2025-01-01,2,Tuesday,0
2025-01-08,2025,Q1,1,January,2025-01,2025-01-01,2,Wednesday,0
2025-01-09,2025,Q1,1,January,2025-01,2025-01-01,2,Thursday,0
2025-01-10,2025,Q1,1,January,2025-01,2025-01-01,2,Friday,0
2025-01-11,2025,Q1,1,January,2025-01,2025-01-01,2,Saturday,1
2025-01-12,2025,Q1,1,January,2025-01,2025-01-01,2,Sunday,1
2025-01-13,2025,Q1,1,January,2025-01,2025-01-01,3,Monday,0
2025-01-14,2025,Q1,1,January,2025-01,2025-01-01,3,Tuesday,0
2025-01-15,2025,Q1,1,January,2025-01,2025-01-01,3,Wednesday,0
2025-01-16,2025,Q1,1,January,2025-01,2025-01-01,3,Thursday,0
2025-01-17,2025,Q1,1,January,2025-01,2025-01-01,3,Friday,0
2025-01-18,2025,Q1,1,January,2025-01,2025-01-01,3,Saturday,1
2025-01-19,2025,Q1,1,January,2025-01,2025-01-01,3,Sunday,1
2025-01-20,2025,Q1,1,January,2025-01,2025-01-01,4,Monday,0
2025-01-21,2025,Q1,1,January,2025-01,2025-01-01,4,Tuesday,0
2025-01-22,2025,Q1,1,January,2025-01,2025-01-01,4,Wednesday,0
2025-01-23,2025,Q1,1,January,2025-01,2025-01-01,4,Thursday,0
2025-01-24,2025,Q1,1,January,2025-01,2025-01-01,4,Friday,0
2025-01-25,2025,Q1,1,January,2025-01,2025-01-01,4,Saturday,1
2025-01-26,2025,Q1,1,January,2025-01,2025-01-01,4,Sunday,1
2025-01-27,2025,Q1,1,January,2025-01,2025-01-01,5,Monday,0
2025-01-28,2025,Q1,1,January,2025-01,2025-01-01,5,Tuesday,0
2025-01-29,2025,Q1,1,January,2025-01,2025-01-01,5,Wednesday,0
2025-01-30,2025,Q1,1,January,2025-01,2025-01-01,5,Thursday,0
2025-01-31,2025,Q1,1,January,2025-01,2025-01-01,5,Friday,0
2025-02-01,2025,Q1,2,February,2025-02,2025-02-01,5,Saturday,1
2025-02-02,2025,Q1,2,February,2025-02,2025-02-01,5,Sunday,1
2025-02-03,2025,Q1,2,February,2025-02,2025-02-01,6,Monday,0
2025-02-04,2025,Q1,2,February,2025-02,2025-02-01,6,Tuesday,0
2025-02-05,2025,Q1,2,February,2025-02,2025-02-01,6,Wednesday,0
2025-02-06,2025,Q1,2,February,2025-02,2025-02-01,6,Thursday,0
2025-02-07,2025,Q1,2,February,2025-02,2025-02-01,6,Friday,0
2025-02-08,2025,Q1,2,February,2025-02,2025-02-01,6,Saturday,1
2025-02-09,2025,Q1,2,February,2025-02,2025-02-01,6,Sunday,1
2025-02-10,2025,Q1,2,February,2025-02,2025-02-01,7,Monday,0
2025-02-11,2025,Q1,2,February,2025-02,2025-02-01,7,Tuesday,0
2025-02-12,2025,Q1,2,February,2025-02,2025-02-01,7,Wednesday,0
2025-02-13,2025,Q1,2,February,2025-02,2025-02-01,7,Thursday,0
2025-02-14,2025,Q1,2,February,2025-02,2025-02-01,7,Friday,0
2025-02-15,2025,Q1,2,February,2025-02,2025-02-01,7,Saturday,1
2025-02-16,2025,Q1,2,February,2025-02,2025-02-01,7,Sunday,1
2025-02-17,2025,Q1,2,February,2025-02,2025-02-01,8,Monday,0
2025-02-18,2025,Q1,2,February,2025-02,2025-02-01,8,Tuesday,0
2025-02-19,2025,Q1,2,February,2025-02,2025-02-01,8,Wednesday,0
2025-02-20,2025,Q1,2,February,2025-02,2025-02-01,8,Thursday,0
2025-02-21,2025,Q1,2,February,2025-02,2025-02-01,8,Friday,0
2025-02-22,2025,Q1,2,February,2025-02,2025-02-01,8,Saturday,1
2025-02-23,2025,Q1,2,February,2025-02,2025-02-01,8,Sunday,1
2025-02-24,2025,Q1,2,February,2025-02,2025-02-01,9,Monday,0
2025-02-25,2025,Q1,2,February,2025-02,2025-02-01,9,Tuesday,0
2025-02-26,2025,Q1,2,February,2025-02,2025-02-01,9,Wednesday,0
2025-02-27,2025,Q1,2,February,2025-02,2025-02-01,9,Thursday,0
2025-02-28,2025,Q1,2,February,2025-02,2025-02-01,9,Friday,0
2025-03-01,2025,Q1,3,March,2025-03,2025-03-01,9,Saturday,1
2025-03-02,2025,Q1,3,March,2025-03,2025-03-01,9,Sunday,1
2025-03-03,2025,Q1,3,March,2025-03,2025-03-01,10,Monday,0
2025-03-04,2025,Q1,3,March,2025-03,2025-03-01,10,Tuesday,0
2025-03-05,2025,Q1,3,March,2025-03,2025-03-01,10,Wednesday,0
2025-03-06,2025,Q1,3,March,2025-03,2025-03-01,10,Thursday,0
2025-03-07,2025,Q1,3,March,2025-03,2025-03-01,10,Friday,0
2025-03-08,2025,Q1,3,March,2025-03,2025-03-01,10,Saturday,1
2025-03-09,2025,Q1,3,March,2025-03,2025-03-01,10,Sunday,1
2025-03-10,2025,Q1,3,March,2025-03,2025-03-01,11,Monday,0
2025-03-11,2025,Q1,3,March,2025-03,2025-03-01,11,Tuesday,0
2025-03-12,2025,Q1,3,March,2025-03,2025-03-01,11,Wednesday,0
2025-03-13,2025,Q1,3,March,2025-03,2025-03-01,11,Thursday,0
2025-03-14,2025,Q1,3,March,2025-03,2025-03-01,11,Friday,0
2025-03-15,2025,Q1,3,March,2025-03,2025-03-01,11,Saturday,1
2025-03-16,2025,Q1,3,March,2025-03,2025-03-01,11,Sunday,1
2025-03-17,2025,Q1,3,March,2025-03,2025-03-01,12,Monday,0
2025-03-18,2025,Q1,3,March,2025-03,2025-03-01,12,Tuesday,0
2025-03-19,2025,Q1,3,March,2025-03,2025-03-01,12,Wednesday,0
2025-03-20,2025,Q1,3,March,2025-03,2025-03-01,12,Thursday,0
2025-03-21,2025,Q1,3,March,2025-03,2025-03-01,12,Friday,0
2025-03-22,2025,Q1,3,March,2025-03,2025-03-01,12,Saturday,1
2025-03-23,2025,Q1,3,March,2025-03,2025-03-01,12,Sunday,1
2025-03-24,2025,Q1,3,March,2025-03,2025-03-01,13,Monday,0
2025-03-25,2025,Q1,3,March,2025-03,2025-03-01,13,Tuesday,0
2025-03-26,2025,Q1,3,March,2025-03,2025-03-01,13,Wednesday,0
2025-03-27,2025,Q1,3,March,2025-03,2025-03-01,13,Thursday,0
2025-03-28,2025,Q1,3,March,2025-03,2025-03-01,13,Friday,0
2025-03-29,2025,Q1,3,March,2025-03,2025-03-01,13,Saturday,1
2025-03-30,2025,Q1,3,March,2025-03,2025-03-01,13,Sunday,1
2025-03-31,2025,Q1,3,March,2025-03,2025-03-01,14,Monday,0
2025-04-01,2025,Q2,4,April,2025-04,2025-04-01,14,Tuesday,0
2025-04-02,2025,Q2,4,April,2025-04,2025-04-01,14,Wednesday,0
2025-04-03,2025,Q2,4,April,2025-04,2025-04-01,14,Thursday,0
2025-04-04,2025,Q2,4,April,2025-04,2025-04-01,14,Friday,0
2025-04-05,2025,Q2,4,April,2025-04,2025-04-01,14,Saturday,1
2025-04-06,2025,Q2,4,April,2025-04,2025-04-01,14,Sunday,1
2025-04-07,2025,Q2,4,April,2025-04,2025-04-01,15,Monday,0
2025-04-08,2025,Q2,4,April,2025-04,2025-04-01,15,Tuesday,0
2025-04-09,2025,Q2,4,April,2025-04,2025-04-01,15,Wednesday,0
2025-04-10,2025,Q2,4,April,2025-04,2025-04-01,15,Thursday,0
2025-04-11,2025,Q2,4,April,2025-04,2025-04-01,15,Friday,0
2025-04-12,2025,Q2,4,April,2025-04,2025-04-01,15,Saturday,1
2025-04-13,2025,Q2,4,April,2025-04,2025-04-01,15,Sunday,1
2025-04-14,2025,Q2,4,April,2025-04,2025-04-01,16,Monday,0
2025-04-15,2025,Q2,4,April,2025-04,2025-04-01,16,Tuesday,0
2025-04-16,2025,Q2,4,April,2025-04,2025-04-01,16,Wednesday,0
2025-04-17,2025,Q2,4,April,2025-04,2025-04-01,16,Thursday,0
2025-04-18,2025,Q2,4,April,2025-04,2025-04-01,16,Friday,0
2025-04-19,2025,Q2,4,April,2025-04,2025-04-01,16,Saturday,1
2025-04-20,2025,Q2,4,April,2025-04,2025-04-01,16,Sunday,1
2025-04-21,2025,Q2,4,April,2025-04,2025-04-01,17,Monday,0
2025-04-22,2025,Q2,4,April,2025-04,2025-04-01,17,Tuesday,0
2025-04-23,2025,Q2,4,April,2025-04,2025-04-01,17,Wednesday,0
2025-04-24,2025,Q2,4,April,2025-04,2025-04-01,17,Thursday,0
2025-04-25,2025,Q2,4,April,2025-04,2025-04-01,17,Friday,0
2025-04-26,2025,Q2,4,April,2025-04,2025-04-01,17,Saturday,1
2025-04-27,2025,Q2,4,April,2025-04,2025-04-01,17,Sunday,1
2025-04-28,2025,Q2,4,April,2025-04,2025-04-01,18,Monday,0
2025-04-29,2025,Q2,4,April,2025-04,2025-04-01,18,Tuesday,0
2025-04-30,2025,Q2,4,April,2025-04,2025-04-01,18,Wednesday,0
2025-05-01,2025,Q2,5,May,2025-05,2025-05-01,18,Thursday,0
2025-05-02,2025,Q2,5,May,2025-05,2025-05-01,18,Friday,0
2025-05-03,2025,Q2,5,May,2025-05,2025-05-01,18,Saturday,1
2025-05-04,2025,Q2,5,May,2025-05,2025-05-01,18,Sunday,1
2025-05-05,2025,Q2,5,May,2025-05,2025-05-01,19,Monday,0
2025-05-06,2025,Q2,5,May,2025-05,2025-05-01,19,Tuesday,0
2025-05-07,2025,Q2,5,May,2025-05,2025-05-01,19,Wednesday,0
2025-05-08,2025,Q2,5,May,2025-05,2025-05-01,19,Thursday,0
2025-05-09,2025,Q2,5,May,2025-05,2025-05-01,19,Friday,0
2025-05-10,2025,Q2,5,May,2025-05,2025-05-01,19,Saturday,1
2025-05-11,2025,Q2,5,May,2025-05,2025-05-01,19,Sunday,1
2025-05-12,2025,Q2,5,May,2025-05,2025-05-01,20,Monday,0
2025-05-13,2025,Q2,5,May,2025-05,2025-05-01,20,Tuesday,0
2025-05-14,2025,Q2,5,May,2025-05,2025-05-01,20,Wednesday,0
2025-05-15,2025,Q2,5,May,2025-05,2025-05-01,20,Thursday,0
2025-05-16,2025,Q2,5,May,2025-05,2025-05-01,20,Friday,0
2025-05-17,2025,Q2,5,May,2025-05,2025-05-01,20,Saturday,1
2025-05-18,2025,Q2,5,May,2025-05,2025-05-01,20,Sunday,1
2025-05-19,2025,Q2,5,May,2025-05,2025-05-01,21,Monday,0
2025-05-20,2025,Q2,5,May,2025-05,2025-05-01,21,Tuesday,0
2025-05-21,2025,Q2,5,May,2025-05,2025-05-01,21,Wednesday,0
2025-05-22,2025,Q2,5,May,2025-05,2025-05-01,21,Thursday,0
2025-05-23,2025,Q2,5,May,2025-05,2025-05-01,21,Friday,0
2025-05-24,2025,Q2,5,May,2025-05,2025-05-01,21,Saturday,1
2025-05-25,2025,Q2,5,May,2025-05,2025-05-01,21,Sunday,1
2025-05-26,2025,Q2,5,May,2025-05,2025-05-01,22,Monday,0
2025-05-27,2025,Q2,5,May,2025-05,2025-05-01,22,Tuesday,0
2025-05-28,2025,Q2,5,May,2025-05,2025-05-01,22,Wednesday,0
2025-05-29,2025,Q2,5,May,2025-05,2025-05-01,22,Thursday,0
2025-05-30,2025,Q2,5,May,2025-05,2025-05-01,22,Friday,0
2025-05-31,2025,Q2,5,May,2025-05,2025-05-01,22,Saturday,1
2025-06-01,2025,Q2,6,June,2025-06,2025-06-01,22,Sunday,1
2025-06-02,2025,Q2,6,June,2025-06,2025-06-01,23,Monday,0
2025-06-03,2025,Q2,6,June,2025-06,2025-06-01,23,Tuesday,0
2025-06-04,2025,Q2,6,June,2025-06,2025-06-01,23,Wednesday,0
2025-06-05,2025,Q2,6,June,2025-06,2025-06-01,23,Thursday,0
2025-06-06,2025,Q2,6,June,2025-06,2025-06-01,23,Friday,0
2025-06-07,2025,Q2,6,June,2025-06,2025-06-01,23,Saturday,1
2025-06-08,2025,Q2,6,June,2025-06,2025-06-01,23,Sunday,1
2025-06-09,2025,Q2,6,June,2025-06,2025-06-01,24,Monday,0
2025-06-10,2025,Q2,6,June,2025-06,2025-06-01,24,Tuesday,0
2025-06-11,2025,Q2,6,June,2025-06,2025-06-01,24,Wednesday,0
2025-06-12,2025,Q2,6,June,2025-06,2025-06-01,24,Thursday,0
2025-06-13,2025,Q2,6,June,2025-06,2025-06-01,24,Friday,0
2025-06-14,2025,Q2,6,June,2025-06,2025-06-01,24,Saturday,1
2025-06-15,2025,Q2,6,June,2025-06,2025-06-01,24,Sunday,1
2025-06-16,2025,Q2,6,June,2025-06,2025-06-01,25,Monday,0
2025-06-17,2025,Q2,6,June,2025-06,2025-06-01,25,Tuesday,0
2025-06-18,2025,Q2,6,June,2025-06,2025-06-01,25,Wednesday,0
2025-06-19,2025,Q2,6,June,2025-06,2025-06-01,25,Thursday,0
2025-06-20,2025,Q2,6,June,2025-06,2025-06-01,25,Friday,0
2025-06-21,2025,Q2,6,June,2025-06,2025-06-01,25,Saturday,1
2025-06-22,2025,Q2,6,June,2025-06,2025-06-01,25,Sunday,1
2025-06-23,2025,Q2,6,June,2025-06,2025-06-01,26,Monday,0
2025-06-24,2025,Q2,6,June,2025-06,2025-06-01,26,Tuesday,0
2025-06-25,2025,Q2,6,June,2025-06,2025-06-01,26,Wednesday,0
2025-06-26,2025,Q2,6,June,2025-06,2025-06-01,26,Thursday,0
2025-06-27,2025,Q2,6,June,2025-06,2025-06-01,26,Friday,0
2025-06-28,2025,Q2,6,June,2025-06,2025-06-01,26,Saturday,1
2025-06-29,2025,Q2,6,June,2025-06,2025-06-01,26,Sunday,1
2025-06-30,2025,Q2,6,June,2025-06,2025-06-01,27,Monday,0
2025-07-01,2025,Q3,7,July,2025-07,2025-07-01,27,Tuesday,0
2025-07-02,2025,Q3,7,July,2025-07,2025-07-01,27,Wednesday,0
2025-07-03,2025,Q3,7,July,2025-07,2025-07-01,27,Thursday,0
2025-07-04,2025,Q3,7,July,2025-07,2025-07-01,27,Friday,0
2025-07-05,2025,Q3,7,July,2025-07,2025-07-01,27,Saturday,1
2025-07-06,2025,Q3,7,July,2025-07,2025-07-01,27,Sunday,1
2025-07-07,2025,Q3,7,July,2025-07,2025-07-01,28,Monday,0
2025-07-08,2025,Q3,7,July,2025-07,2025-07-01,28,Tuesday,0
2025-07-09,2025,Q3,7,July,2025-07,2025-07-01,28,Wednesday,0
2025-07-10,2025,Q3,7,July,2025-07,2025-07-01,28,Thursday,0
2025-07-11,2025,Q3,7,July,2025-07,2025-07-01,28,Friday,0
2025-07-12,2025,Q3,7,July,2025-07,2025-07-01,28,Saturday,1
2025-07-13,2025,Q3,7,July,2025-07,2025-07-01,28,Sunday,1
2025-07-14,2025,Q3,7,July,2025-07,2025-07-01,29,Monday,0
2025-07-15,2025,Q3,7,July,2025-07,2025-07-01,29,Tuesday,0
2025-07-16,2025,Q3,7,July,2025-07,2025-07-01,29,Wednesday,0
2025-07-17,2025,Q3,7,July,2025-07,2025-07-01,29,Thursday,0
2025-07-18,2025,Q3,7,July,2025-07,2025-07-01,29,Friday,0
2025-07-19,2025,Q3,7,July,2025-07,2025-07-01,29,Saturday,1
2025-07-20,2025,Q3,7,July,2025-07,2025-07-01,29,Sunday,1
2025-07-21,2025,Q3,7,July,2025-07,2025-07-01,30,Monday,0
2025-07-22,2025,Q3,7,July,2025-07,2025-07-01,30,Tuesday,0
2025-07-23,2025,Q3,7,July,2025-07,2025-07-01,30,Wednesday,0
2025-07-24,2025,Q3,7,July,2025-07,2025-07-01,30,Thursday,0
2025-07-25,2025,Q3,7,July,2025-07,2025-07-01,30,Friday,0
2025-07-26,2025,Q3,7,July,2025-07,2025-07-01,30,Saturday,1
2025-07-27,2025,Q3,7,July,2025-07,2025-07-01,30,Sunday,1
2025-07-28,2025,Q3,7,July,2025-07,2025-07-01,31,Monday,0
2025-07-29,2025,Q3,7,July,2025-07,2025-07-01,31,Tuesday,0
2025-07-30,2025,Q3,7,July,2025-07,2025-07-01,31,Wednesday,0
2025-07-31,2025,Q3,7,July,2025-07,2025-07-01,31,Thursday,0
2025-08-01,2025,Q3,8,August,2025-08,2025-08-01,31,Friday,0
2025-08-02,2025,Q3,8,August,2025-08,2025-08-01,31,Saturday,1
2025-08-03,2025,Q3,8,August,2025-08,2025-08-01,31,Sunday,1
2025-08-04,2025,Q3,8,August,2025-08,2025-08-01,32,Monday,0
2025-08-05,2025,Q3,8,August,2025-08,2025-08-01,32,Tuesday,0
2025-08-06,2025,Q3,8,August,2025-08,2025-08-01,32,Wednesday,0
2025-08-07,2025,Q3,8,August,2025-08,2025-08-01,32,Thursday,0
2025-08-08,2025,Q3,8,August,2025-08,2025-08-01,32,Friday,0
2025-08-09,2025,Q3,8,August,2025-08,2025-08-01,32,Saturday,1
2025-08-10,2025,Q3,8,August,2025-08,2025-08-01,32,Sunday,1
2025-08-11,2025,Q3,8,August,2025-08,2025-08-01,33,Monday,0
2025-08-12,2025,Q3,8,August,2025-08,2025-08-01,33,Tuesday,0
2025-08-13,2025,Q3,8,August,2025-08,2025-08-01,33,Wednesday,0
2025-08-14,2025,Q3,8,August,2025-08,2025-08-01,33,Thursday,0
2025-08-15,2025,Q3,8,August,2025-08,2025-08-01,33,Friday,0
2025-08-16,2025,Q3,8,August,2025-08,2025-08-01,33,Saturday,1
2025-08-17,2025,Q3,8,August,2025-08,2025-08-01,33,Sunday,1
2025-08-18,2025,Q3,8,August,2025-08,2025-08-01,34,Monday,0
2025-08-19,2025,Q3,8,August,2025-08,2025-08-01,34,Tuesday,0
2025-08-20,2025,Q3,8,August,2025-08,2025-08-01,34,Wednesday,0
2025-08-21,2025,Q3,8,August,2025-08,2025-08-01,34,Thursday,0
2025-08-22,2025,Q3,8,August,2025-08,2025-08-01,34,Friday,0
2025-08-23,2025,Q3,8,August,2025-08,2025-08-01,34,Saturday,1
2025-08-24,2025,Q3,8,August,2025-08,2025-08-01,34,Sunday,1
2025-08-25,2025,Q3,8,August,2025-08,2025-08-01,35,Monday,0
2025-08-26,2025,Q3,8,August,2025-08,2025-08-01,35,Tuesday,0
2025-08-27,2025,Q3,8,August,2025-08,2025-08-01,35,Wednesday,0
2025-08-28,2025,Q3,8,August,2025-08,2025-08-01,35,Thursday,0
2025-08-29,2025,Q3,8,August,2025-08,2025-08-01,35,Friday,0
2025-08-30,2025,Q3,8,August,2025-08,2025-08-01,35,Saturday,1
2025-08-31,2025,Q3,8,August,2025-08,2025-08-01,35,Sunday,1
2025-09-01,2025,Q3,9,September,2025-09,2025-09-01,36,Monday,0
2025-09-02,2025,Q3,9,September,2025-09,2025-09-01,36,Tuesday,0
2025-09-03,2025,Q3,9,September,2025-09,2025-09-01,36,Wednesday,0
2025-09-04,2025,Q3,9,September,2025-09,2025-09-01,36,Thursday,0
2025-09-05,2025,Q3,9,September,2025-09,2025-09-01,36,Friday,0
2025-09-06,2025,Q3,9,September,2025-09,2025-09-01,36,Saturday,1
2025-09-07,2025,Q3,9,September,2025-09,2025-09-01,36,Sunday,1
2025-09-08,2025,Q3,9,September,2025-09,2025-09-01,37,Monday,0
2025-09-09,2025,Q3,9,September,2025-09,2025-09-01,37,Tuesday,0
2025-09-10,2025,Q3,9,September,2025-09,2025-09-01,37,Wednesday,0
2025-09-11,2025,Q3,9,September,2025-09,2025-09-01,37,Thursday,0
2025-09-12,2025,Q3,9,September,2025-09,2025-09-01,37,Friday,0
2025-09-13,2025,Q3,9,September,2025-09,2025-09-01,37,Saturday,1
2025-09-14,2025,Q3,9,September,2025-09,2025-09-01,37,Sunday,1
2025-09-15,2025,Q3,9,September,2025-09,2025-09-01,38,Monday,0
2025-09-16,2025,Q3,9,September,2025-09,2025-09-01,38,Tuesday,0
2025-09-17,2025,Q3,9,September,2025-09,2025-09-01,38,Wednesday,0
2025-09-18,2025,Q3,9,September,2025-09,2025-09-01,38,Thursday,0
2025-09-19,2025,Q3,9,September,2025-09,2025-09-01,38,Friday,0
2025-09-20,2025,Q3,9,September,2025-09,2025-09-01,38,Saturday,1
2025-09-21,2025,Q3,9,September,2025-09,2025-09-01,38,Sunday,1
2025-09-22,2025,Q3,9,September,2025-09,2025-09-01,39,Monday,0
2025-09-23,2025,Q3,9,September,2025-09,2025-09-01,39,Tuesday,0
2025-09-24,2025,Q3,9,September,2025-09,2025-09-01,39,Wednesday,0
2025-09-25,2025,Q3,9,September,2025-09,2025-09-01,39,Thursday,0
2025-09-26,2025,Q3,9,September,2025-09,2025-09-01,39,Friday,0
2025-09-27,2025,Q3,9,September,2025-09,2025-09-01,39,Saturday,1
2025-09-28,2025,Q3,9,September,2025-09,2025-09-01,39,Sunday,1
2025-09-29,2025,Q3,9,September,2025-09,2025-09-01,40,Monday,0
2025-09-30,2025,Q3,9,September,2025-09,2025-09-01,40,Tuesday,0
2025-10-01,2025,Q4,10,October,2025-10,2025-10-01,40,Wednesday,0
2025-10-02,2025,Q4,10,October,2025-10,2025-10-01,40,Thursday,0
2025-10-03,2025,Q4,10,October,2025-10,2025-10-01,40,Friday,0
2025-10-04,2025,Q4,10,October,2025-10,2025-10-01,40,Saturday,1
2025-10-05,2025,Q4,10,October,2025-10,2025-10-01,40,Sunday,1
2025-10-06,2025,Q4,10,October,2025-10,2025-10-01,41,Monday,0
2025-10-07,2025,Q4,10,October,2025-10,2025-10-01,41,Tuesday,0
2025-10-08,2025,Q4,10,October,2025-10,2025-10-01,41,Wednesday,0
2025-10-09,2025,Q4,10,October,2025-10,2025-10-01,41,Thursday,0
2025-10-10,2025,Q4,10,October,2025-10,2025-10-01,41,Friday,0
2025-10-11,2025,Q4,10,October,2025-10,2025-10-01,41,Saturday,1
2025-10-12,2025,Q4,10,October,2025-10,2025-10-01,41,Sunday,1
2025-10-13,2025,Q4,10,October,2025-10,2025-10-01,42,Monday,0
2025-10-14,2025,Q4,10,October,2025-10,2025-10-01,42,Tuesday,0
2025-10-15,2025,Q4,10,October,2025-10,2025-10-01,42,Wednesday,0
2025-10-16,2025,Q4,10,October,2025-10,2025-10-01,42,Thursday,0
2025-10-17,2025,Q4,10,October,2025-10,2025-10-01,42,Friday,0
2025-10-18,2025,Q4,10,October,2025-10,2025-10-01,42,Saturday,1
2025-10-19,2025,Q4,10,October,2025-10,2025-10-01,42,Sunday,1
2025-10-20,2025,Q4,10,October,2025-10,2025-10-01,43,Monday,0
2025-10-21,2025,Q4,10,October,2025-10,2025-10-01,43,Tuesday,0
2025-10-22,2025,Q4,10,October,2025-10,2025-10-01,43,Wednesday,0
2025-10-23,2025,Q4,10,October,2025-10,2025-10-01,43,Thursday,0
2025-10-24,2025,Q4,10,October,2025-10,2025-10-01,43,Friday,0
2025-10-25,2025,Q4,10,October,2025-10,2025-10-01,43,Saturday,1
2025-10-26,2025,Q4,10,October,2025-10,2025-10-01,43,Sunday,1
2025-10-27,2025,Q4,10,October,2025-10,2025-10-01,44,Monday,0
2025-10-28,2025,Q4,10,October,2025-10,2025-10-01,44,Tuesday,0
2025-10-29,2025,Q4,10,October,2025-10,2025-10-01,44,Wednesday,0
2025-10-30,2025,Q4,10,October,2025-10,2025-10-01,44,Thursday,0
2025-10-31,2025,Q4,10,October,2025-10,2025-10-01,44,Friday,0
2025-11-01,2025,Q4,11,November,2025-11,2025-11-01,44,Saturday,1
2025-11-02,2025,Q4,11,November,2025-11,2025-11-01,44,Sunday,1
2025-11-03,2025,Q4,11,November,2025-11,2025-11-01,45,Monday,0
2025-11-04,2025,Q4,11,November,2025-11,2025-11-01,45,Tuesday,0
2025-11-05,2025,Q4,11,November,2025-11,2025-11-01,45,Wednesday,0
2025-11-06,2025,Q4,11,November,2025-11,2025-11-01,45,Thursday,0
2025-11-07,2025,Q4,11,November,2025-11,2025-11-01,45,Friday,0
2025-11-08,2025,Q4,11,November,2025-11,2025-11-01,45,Saturday,1
2025-11-09,2025,Q4,11,November,2025-11,2025-11-01,45,Sunday,1
2025-11-10,2025,Q4,11,November,2025-11,2025-11-01,46,Monday,0
2025-11-11,2025,Q4,11,November,2025-11,2025-11-01,46,Tuesday,0
2025-11-12,2025,Q4,11,November,2025-11,2025-11-01,46,Wednesday,0
2025-11-13,2025,Q4,11,November,2025-11,2025-11-01,46,Thursday,0
2025-11-14,2025,Q4,11,November,2025-11,2025-11-01,46,Friday,0
2025-11-15,2025,Q4,11,November,2025-11,2025-11-01,46,Saturday,1
2025-11-16,2025,Q4,11,November,2025-11,2025-11-01,46,Sunday,1
2025-11-17,2025,Q4,11,November,2025-11,2025-11-01,47,Monday,0
2025-11-18,2025,Q4,11,November,2025-11,2025-11-01,47,Tuesday,0
2025-11-19,2025,Q4,11,November,2025-11,2025-11-01,47,Wednesday,0
2025-11-20,2025,Q4,11,November,2025-11,2025-11-01,47,Thursday,0
2025-11-21,2025,Q4,11,November,2025-11,2025-11-01,47,Friday,0
2025-11-22,2025,Q4,11,November,2025-11,2025-11-01,47,Saturday,1
2025-11-23,2025,Q4,11,November,2025-11,2025-11-01,47,Sunday,1
2025-11-24,2025,Q4,11,November,2025-11,2025-11-01,48,Monday,0
2025-11-25,2025,Q4,11,November,2025-11,2025-11-01,48,Tuesday,0
2025-11-26,2025,Q4,11,November,2025-11,2025-11-01,48,Wednesday,0
2025-11-27,2025,Q4,11,November,2025-11,2025-11-01,48,Thursday,0
2025-11-28,2025,Q4,11,November,2025-11,2025-11-01,48,Friday,0
2025-11-29,2025,Q4,11,November,2025-11,2025-11-01,48,Saturday,1
2025-11-30,2025,Q4,11,November,2025-11,2025-11-01,48,Sunday,1
2025-12-01,2025,Q4,12,December,2025-12,2025-12-01,49,Monday,0
2025-12-02,2025,Q4,12,December,2025-12,2025-12-01,49,Tuesday,0
2025-12-03,2025,Q4,12,December,2025-12,2025-12-01,49,Wednesday,0
2025-12-04,2025,Q4,12,December,2025-12,2025-12-01,49,Thursday,0
2025-12-05,2025,Q4,12,December,2025-12,2025-12-01,49,Friday,0
2025-12-06,2025,Q4,12,December,2025-12,2025-12-01,49,Saturday,1
2025-12-07,2025,Q4,12,December,2025-12,2025-12-01,49,Sunday,1
2025-12-08,2025,Q4,12,December,2025-12,2025-12-01,50,Monday,0
2025-12-09,2025,Q4,12,December,2025-12,2025-12-01,50,Tuesday,0
2025-12-10,2025,Q4,12,December,2025-12,2025-12-01,50,Wednesday,0
2025-12-11,2025,Q4,12,December,2025-12,2025-12-01,50,Thursday,0
2025-12-12,2025,Q4,12,December,2025-12,2025-12-01,50,Friday,0
2025-12-13,2025,Q4,12,December,2025-12,2025-12-01,50,Saturday,1
2025-12-14,2025,Q4,12,December,2025-12,2025-12-01,50,Sunday,1
2025-12-15,2025,Q4,12,December,2025-12,2025-12-01,51,Monday,0
2025-12-16,2025,Q4,12,December,2025-12,2025-12-01,51,Tuesday,0
2025-12-17,2025,Q4,12,December,2025-12,2025-12-01,51,Wednesday,0
2025-12-18,2025,Q4,12,December,2025-12,2025-12-01,51,Thursday,0
2025-12-19,2025,Q4,12,December,2025-12,2025-12-01,51,Friday,0
2025-12-20,2025,Q4,12,December,2025-12,2025-12-01,51,Saturday,1
2025-12-21,2025,Q4,12,December,2025-12,2025-12-01,51,Sunday,1
2025-12-22,2025,Q4,12,December,2025-12,2025-12-01,52,Monday,0
2025-12-23,2025,Q4,12,December,2025-12,2025-12-01,52,Tuesday,0
2025-12-24,2025,Q4,12,December,2025-12,2025-12-01,52,Wednesday,0
2025-12-25,2025,Q4,12,December,2025-12,2025-12-01,52,Thursday,0
2025-12-26,2025,Q4,12,December,2025-12,2025-12-01,52,Friday,0
2025-12-27,2025,Q4,12,December,2025-12,2025-12-01,52,Saturday,1
2025-12-28,2025,Q4,12,December,2025-12,2025-12-01,52,Sunday,1
2025-12-29,2025,Q4,12,December,2025-12,2025-12-01,1,Monday,0
2025-12-30,2025,Q4,12,December,2025-12,2025-12-01,1,Tuesday,0
2025-12-31,2025,Q4,12,December,2025-12,2025-12-01,1,Wednesday,0
