product_id,sku,category,product_name,list_price,standard_cost,margin_pct
P0001,APP-001,Apparel,Apparel Collection 1,1071.7,646.67,0.3966
P0002,APP-002,Apparel,Apparel Collection 2,1061.35,726.62,0.3154
P0003,APP-003,Apparel,Apparel Collection 3,1088.11,528.53,0.5143
P0004,APP-004,Apparel,Apparel Collection 4,648.0,309.14,0.5229
P0005,APP-005,Apparel,Apparel Collection 5,1279.82,787.4,0.3848
P0006,APP-006,Apparel,Apparel Collection 6,1504.19,864.81,0.4251
P0007,BEA-001,Beauty,Beauty Collection 1,340.14,217.12,0.3617
P0008,BEA-002,Beauty,Beauty Collection 2,936.88,645.76,0.3107
P0009,BEA-003,Beauty,Beauty Collection 3,611.67,334.0,0.4539
P0010,BEA-004,Beauty,Beauty Collection 4,519.46,257.99,0.5033
P0011,BEA-005,Beauty,Beauty Collection 5,742.29,401.55,0.459
P0012,BEA-006,Beauty,Beauty Collection 6,648.64,290.96,0.5514
P0013,ELE-001,Electronics,Electronics Collection 1,5585.2,3691.66,0.339
P0014,ELE-002,Electronics,Electronics Collection 2,2282.41,1113.14,0.5123
P0015,ELE-003,Electronics,Electronics Collection 3,2960.17,1844.03,0.3771
P0016,ELE-004,Electronics,Electronics Collection 4,3076.12,1808.25,0.4122
P0017,ELE-005,Electronics,Electronics Collection 5,1737.42,1059.93,0.3899
P0018,ELE-006,Electronics,Electronics Collection 6,5389.44,3039.42,0.436
P0019,HOM-001,Home,Home Collection 1,733.17,349.02,0.524
P0020,HOM-002,Home,Home Collection 2,881.24,549.47,0.3765
P0021,HOM-003,Home,Home Collection 3,1578.68,893.99,0.4337
P0022,HOM-004,Home,Home Collection 4,1115.96,650.69,0.4169
P0023,HOM-005,Home,Home Collection 5,1692.48,1096.94,0.3519
P0024,HOM-006,Home,Home Collection 6,2071.6,1338.85,0.3537
P0025,SPO-001,Sports,Sports Collection 1,1434.07,777.6,0.4578
P0026,SPO-002,Sports,Sports Collection 2,1373.56,787.16,0.4269
P0027,SPO-003,Sports,Sports Collection 3,948.74,456.65,0.5187
P0028,SPO-004,Sports,Sports Collection 4,2351.57,1617.39,0.3122
P0029,SPO-005,Sports,Sports Collection 5,1184.88,571.29,0.5179
P0030,SPO-006,Sports,Sports Collection 6,2099.95,1286.43,0.3874
P0031,ACC-001,Accessories,Accessories Collection 1,384.63,197.75,0.4859
P0032,ACC-002,Accessories,Accessories Collection 2,564.85,289.98,0.4866
P0033,ACC-003,Accessories,Accessories Collection 3,1212.03,736.87,0.392
P0034,ACC-004,Accessories,Accessories Collection 4,666.37,376.21,0.4354
P0035,ACC-005,Accessories,Accessories Collection 5,1121.75,598.19,0.4667
P0036,ACC-006,Accessories,Accessories Collection 6,215.93,103.27,0.5217
P0037,FOO-001,Footwear,Footwear Collection 1,671.67,364.94,0.4567
P0038,FOO-002,Footwear,Footwear Collection 2,1530.51,941.98,0.3845
P0039,FOO-003,Footwear,Footwear Collection 3,1783.67,783.86,0.5605
P0040,FOO-004,Footwear,Footwear Collection 4,2162.14,1353.52,0.374
P0041,FOO-005,Footwear,Footwear Collection 5,2400.84,1031.62,0.5703
P0042,FOO-006,Footwear,Footwear Collection 6,1292.4,694.53,0.4626
P0043,WEL-001,Wellness,Wellness Collection 1,983.39,602.38,0.3874
P0044,WEL-002,Wellness,Wellness Collection 2,1449.82,741.39,0.4886
P0045,WEL-003,Wellness,Wellness Collection 3,1302.95,851.63,0.3464
P0046,WEL-004,Wellness,Wellness Collection 4,267.83,134.35,0.4984
P0047,WEL-005,Wellness,Wellness Collection 5,1174.12,737.28,0.3721
P0048,WEL-006,Wellness,Wellness Collection 6,1317.53,723.42,0.4509
